user_id,product_id,rating,interaction_type,timestamp
1,2,2.9,click,2024-08-02
1,3,4.4,view,2024-07-31
1,4,4.5,purchase,2024-11-11
1,6,2.5,view,2024-01-17
1,7,2.9,view,2024-08-15
1,8,2.6,view,2025-03-13
1,9,4.2,view,2024-10-05
1,10,4.7,view,2024-02-01
1,14,4.3,view,2024-03-03
1,16,3.6,purchase,2024-02-16
1,19,4.5,click,2024-01-11
1,20,3.8,view,2024-05-04
1,21,4.9,click,2024-04-15
1,22,3.8,click,2024-04-16
1,23,2.8,view,2024-06-17
1,26,4.6,click,2024-01-02
1,28,2.3,view,2024-03-07
1,31,4.4,view,2024-02-26
1,32,4.5,view,2024-03-08
1,33,3.6,view,2024-10-28
1,34,4.2,view,2024-05-15
1,35,1.9,purchase,2024-09-26
2,1,4.1,click,2024-10-07
2,2,4.5,purchase,2024-11-01
2,3,2.7,purchase,2024-09-15
2,4,2.8,view,2025-02-10
2,5,2.9,click,2025-01-04
2,8,3.3,purchase,2024-08-19
2,9,4.7,purchase,2024-06-22
2,10,3.2,purchase,2024-07-31
2,14,3.0,view,2024-08-06
2,20,4.2,view,2024-07-10
2,21,3.6,purchase,2024-02-04
3,2,4.2,click,2024-09-16
3,5,2.2,purchase,2024-04-24
3,6,3.2,view,2025-03-08
3,7,2.7,view,2025-01-25
3,9,4.1,view,2025-02-17
3,19,4.3,click,2025-01-27
3,20,4.6,click,2024-12-11
3,21,4.5,view,2024-11-07
3,23,4.8,view,2024-01-15
3,32,4.0,view,2024-06-22
4,1,2.6,view,2024-01-24
4,4,2.2,click,2024-01-29
4,7,3.6,view,2024-04-18
4,8,4.6,view,2024-05-28
4,9,4.2,view,2024-09-11
4,10,4.6,view,2024-03-07
4,12,2.5,view,2024-09-13
4,16,2.7,view,2024-02-06
4,18,4.3,view,2024-08-11
4,19,3.7,view,2025-03-17
4,20,4.2,purchase,2024-10-20
4,21,4.3,purchase,2024-05-28
4,22,3.9,view,2024-06-15
4,24,2.2,click,2024-08-23
4,25,3.2,view,2024-02-15
4,26,2.5,view,2024-05-04
4,27,2.5,purchase,2024-09-25
4,29,3.8,view,2025-01-16
4,30,4.2,view,2025-02-02
5,6,4.3,view,2025-02-11
5,8,2.3,view,2024-06-29
5,9,4.4,view,2024-08-24
5,10,2.6,view,2024-07-07
5,11,3.2,view,2024-11-26
5,14,3.3,view,2024-11-10
5,15,4.4,purchase,2024-08-24
5,16,4.4,view,2024-08-18
5,18,3.4,click,2024-11-29
5,20,4.0,click,2024-08-31
5,21,2.6,view,2024-08-18
5,24,2.0,view,2024-12-31
5,30,2.0,view,2024-01-21
6,4,4.8,view,2024-10-13
6,5,2.5,view,2025-02-20
6,7,3.9,click,2024-02-17
6,8,4.5,purchase,2024-09-17
6,9,2.5,view,2024-06-07
6,15,2.2,view,2024-06-23
6,17,4.8,purchase,2024-04-08
6,18,4.1,view,2024-03-20
6,19,1.9,view,2024-09-16
6,20,3.1,click,2024-01-20
6,21,2.9,click,2024-03-08
6,23,2.8,view,2024-03-24
6,24,2.2,click,2025-02-18
6,25,4.7,purchase,2024-01-23
6,26,4.3,view,2024-08-15
7,4,4.7,view,2025-03-01
7,5,2.5,view,2025-02-22
7,7,4.3,view,2024-01-14
7,8,4.3,purchase,2024-09-14
7,9,4.2,purchase,2024-02-11
7,10,2.5,view,2024-06-12
7,11,3.5,view,2025-02-09
7,13,4.0,view,2024-05-26
7,14,4.8,purchase,2024-12-22
7,16,3.2,purchase,2024-08-17
7,17,4.5,view,2024-01-10
7,19,4.1,view,2024-10-07
7,21,3.5,click,2024-09-27
7,24,2.5,view,2024-05-01
7,25,4.2,view,2024-05-02
7,26,4.3,click,2024-08-22
7,28,1.9,purchase,2024-11-01
8,1,4.1,view,2024-05-26
8,2,4.2,view,2025-03-19
8,3,2.9,view,2024-03-04
8,5,4.6,purchase,2024-07-23
8,6,4.6,purchase,2024-06-22
8,7,3.7,purchase,2024-12-20
8,11,4.4,click,2024-05-16
8,13,3.1,purchase,2024-02-10
8,15,4.3,view,2024-10-06
8,16,4.2,view,2024-02-10
8,17,2.4,view,2024-06-05
8,19,2.6,purchase,2024-03-26
8,20,2.9,view,2024-08-16
8,21,1.8,view,2024-11-10
8,22,3.9,view,2024-11-23
8,23,4.9,view,2024-02-08
8,24,4.5,purchase,2024-07-05
8,25,2.6,view,2024-01-16
8,27,4.0,click,2024-12-13
8,28,4.6,view,2024-03-05
8,29,1.9,view,2024-07-04
8,30,2.5,click,2024-01-17
8,32,2.8,purchase,2024-07-08
8,34,2.5,view,2024-10-20
8,35,4.0,view,2024-07-22
9,3,4.0,view,2024-09-17
9,4,4.1,view,2025-02-09
9,5,4.0,purchase,2024-01-14
9,6,4.2,click,2024-07-07
9,7,4.3,click,2024-03-07
9,8,4.5,view,2024-02-03
9,10,2.4,purchase,2024-09-26
9,13,4.3,purchase,2025-02-25
9,14,4.4,view,2024-06-11
9,15,4.5,purchase,2024-08-26
9,16,4.5,view,2024-03-06
9,17,4.7,click,2024-11-23
9,21,2.8,view,2024-08-09
9,22,2.6,view,2025-03-01
9,25,3.9,view,2024-06-04
9,26,4.0,view,2024-12-29
9,27,4.1,click,2024-05-25
9,29,4.7,view,2024-04-10
10,4,3.1,click,2024-10-14
10,5,3.9,view,2024-08-26
10,6,3.9,purchase,2024-05-06
10,8,4.0,view,2024-05-28
10,9,4.8,click,2024-08-02
10,12,2.3,view,2025-02-20
10,15,4.2,click,2025-01-04
10,16,4.2,view,2024-09-12
10,17,4.9,purchase,2024-09-12
10,18,4.7,purchase,2024-01-12
10,20,3.9,purchase,2024-09-15
10,21,2.6,view,2024-04-20
10,24,2.8,view,2024-01-26
10,26,2.3,click,2025-03-07
10,27,4.5,purchase,2024-05-26
10,28,4.4,view,2024-08-08
10,29,3.9,view,2025-01-07
10,30,4.2,purchase,2024-07-06
10,31,3.8,view,2024-10-18
10,32,4.4,view,2024-10-10
10,33,2.3,purchase,2024-09-15
10,34,2.6,click,2024-05-23
10,37,3.2,click,2024-12-14
10,38,2.8,view,2024-02-19
10,39,4.3,view,2024-10-12
11,3,4.4,view,2024-12-01
11,6,4.6,click,2024-10-22
11,7,2.3,view,2024-10-25
11,8,2.6,click,2024-11-18
11,9,4.5,purchase,2024-03-16
11,11,3.2,view,2024-01-17
11,15,4.4,view,2024-04-07
11,16,3.7,view,2024-08-02
11,17,2.1,view,2024-07-29
11,19,4.4,click,2024-08-29
11,20,4.7,view,2024-12-27
11,21,2.1,view,2024-10-14
11,25,4.2,purchase,2024-09-26
11,26,4.3,view,2024-08-23
11,27,4.7,view,2024-10-06
11,28,4.2,view,2024-11-08
11,30,2.6,view,2024-05-22
11,31,4.4,view,2024-06-01
11,32,4.6,view,2024-12-19
12,1,2.2,view,2024-06-13
12,3,4.2,view,2025-01-28
12,4,3.9,click,2024-04-28
12,5,2.7,view,2024-03-30
12,7,2.5,view,2024-01-19
12,8,3.9,purchase,2025-02-07
12,9,4.4,view,2025-03-24
12,10,3.7,view,2024-10-17
12,13,4.5,view,2024-05-25
12,14,4.3,click,2024-09-25
12,15,2.6,view,2025-03-11
12,17,2.6,view,2024-04-08
12,18,3.2,view,2024-03-24
12,19,4.6,view,2025-01-02
12,20,4.0,view,2025-02-08
12,21,4.2,view,2024-03-30
12,22,4.5,purchase,2025-02-27
12,23,2.5,view,2024-02-14
12,25,4.3,view,2024-04-04
12,26,4.9,purchase,2024-06-14
12,31,4.8,view,2024-05-13
12,32,4.3,purchase,2025-01-20
12,33,4.1,view,2024-06-03
13,32,4.5,view,2024-03-09
13,33,2.6,purchase,2025-01-17
13,2,4.9,view,2024-07-31
13,35,4.5,purchase,2025-01-22
13,36,4.4,view,2025-01-25
13,6,4.1,click,2025-03-23
13,39,4.6,click,2024-08-16
13,9,4.4,view,2024-02-09
14,3,4.1,view,2025-01-16
14,4,4.1,view,2024-01-24
14,6,2.5,view,2024-10-04
14,9,3.9,view,2024-08-29
14,10,3.7,purchase,2024-04-02
14,11,3.1,purchase,2024-07-10
14,13,4.9,purchase,2024-08-17
14,14,4.7,purchase,2024-07-11
14,22,3.8,click,2024-03-09
14,26,4.5,view,2024-03-01
14,27,2.2,click,2024-07-20
15,1,3.2,view,2024-06-03
15,3,4.7,click,2024-04-23
15,4,4.3,view,2024-02-01
15,5,4.4,click,2025-03-26
15,6,4.6,view,2024-11-16
15,8,2.9,click,2024-09-10
15,10,1.8,view,2024-11-25
15,12,2.9,click,2024-06-12
15,13,4.5,purchase,2024-03-17
15,14,4.2,view,2025-01-21
15,15,4.4,view,2025-03-10
15,16,4.1,view,2025-02-16
15,18,2.6,view,2024-10-14
15,19,4.3,purchase,2024-10-12
15,20,4.4,purchase,2024-05-04
15,21,2.3,view,2024-11-27
15,22,1.9,purchase,2025-03-09
15,24,2.5,click,2025-01-05
15,25,4.6,view,2024-05-17
15,26,4.3,click,2024-11-04
15,27,3.7,view,2024-04-06
15,28,4.6,click,2025-01-05
15,29,2.9,view,2024-09-02
15,31,4.1,view,2024-06-04
16,4,4.3,purchase,2025-01-24
16,11,4.7,view,2024-07-08
16,12,4.2,view,2024-10-15
16,13,4.7,view,2024-01-09
16,14,4.1,click,2024-10-23
16,16,3.0,view,2024-03-19
16,18,2.2,view,2024-07-13
16,22,2.7,view,2024-09-12
17,1,4.5,view,2024-02-24
17,2,4.8,click,2024-03-17
17,3,2.3,click,2024-09-26
17,4,2.3,view,2024-05-16
17,6,4.6,view,2024-07-10
17,7,4.8,purchase,2024-10-16
17,8,4.1,view,2024-06-02
17,10,2.9,view,2024-11-30
17,11,4.9,view,2024-02-17
17,12,4.3,purchase,2024-10-09
17,13,2.6,view,2024-12-25
17,16,4.0,purchase,2025-03-08
17,17,4.3,view,2024-10-16
17,18,4.9,view,2024-09-27
17,23,4.8,view,2024-04-18
17,24,4.7,click,2024-08-31
17,26,2.3,view,2024-12-16
17,27,4.8,click,2024-10-15
17,29,4.5,view,2025-03-11
17,30,4.2,view,2024-10-27
17,31,2.1,purchase,2024-02-09
17,32,2.4,click,2024-05-03
17,34,2.7,purchase,2024-12-12
17,35,4.7,view,2024-07-15
17,36,4.6,view,2025-02-08
18,3,4.4,purchase,2024-02-13
18,4,4.6,view,2025-02-12
18,5,4.1,view,2024-02-12
18,9,4.1,purchase,2024-12-30
18,13,4.6,view,2025-01-13
18,14,4.3,view,2024-02-24
18,16,3.9,view,2024-08-15
18,17,2.4,view,2024-02-22
18,18,2.1,view,2024-08-08
18,19,4.3,click,2024-09-19
19,2,3.2,purchase,2024-07-05
19,4,2.0,click,2024-04-12
19,5,4.4,click,2024-04-02
19,8,4.5,click,2024-01-14
19,9,4.8,purchase,2024-12-28
19,10,4.1,view,2025-03-01
19,15,4.5,purchase,2024-12-10
19,16,4.4,view,2024-05-03
19,17,4.1,view,2025-01-01
19,18,4.3,purchase,2024-02-07
19,19,4.3,click,2024-09-02
19,22,4.4,click,2024-09-16
19,23,3.5,purchase,2024-10-05
19,27,3.7,view,2024-12-25
19,28,4.7,click,2024-10-31
19,29,4.5,view,2024-02-25
19,30,4.6,view,2024-03-26
19,31,4.5,view,2024-10-15
19,32,4.9,purchase,2025-01-20
19,33,4.2,purchase,2024-02-24
19,34,3.6,view,2024-04-23
20,3,4.3,view,2024-12-26
20,4,4.1,view,2025-01-20
20,5,2.9,view,2024-10-22
20,7,2.0,click,2024-04-05
20,8,2.5,view,2024-08-22
20,9,3.9,purchase,2024-09-27
20,10,3.6,view,2024-11-01
20,11,2.5,purchase,2024-10-27
20,12,2.0,view,2025-03-08
20,13,4.3,view,2025-02-20
20,14,4.5,view,2024-11-10
20,15,2.8,view,2024-06-09
20,17,2.0,view,2024-02-29
20,20,4.0,view,2024-09-18
20,22,2.5,click,2024-03-11
20,23,2.7,purchase,2024-04-05
20,24,2.6,click,2024-12-21
20,25,4.8,view,2024-10-11
20,26,4.0,view,2024-03-12
20,27,2.2,purchase,2024-11-13
20,28,1.9,view,2024-01-05
20,29,2.6,view,2025-02-21
20,30,2.5,click,2024-09-15
20,31,4.5,purchase,2024-12-16
21,2,4.4,view,2024-11-17
21,3,4.3,purchase,2024-02-08
21,4,4.5,view,2024-07-25
21,7,4.4,view,2024-12-21
21,8,4.8,view,2024-08-20
21,9,3.6,view,2024-10-24
21,10,3.6,view,2025-01-09
21,11,4.9,view,2025-03-11
21,12,3.8,click,2024-07-22
21,13,4.1,purchase,2025-02-26
21,14,4.1,view,2024-06-14
21,17,4.6,view,2024-10-07
21,18,4.4,click,2025-03-12
21,19,2.6,view,2024-12-15
21,21,4.6,view,2024-02-20
21,22,4.5,purchase,2024-01-09
21,23,3.9,view,2024-08-13
21,24,4.3,purchase,2024-04-13
21,25,4.9,view,2024-11-28
21,26,4.2,view,2024-02-17
21,30,4.5,view,2024-02-12
21,31,2.5,view,2024-01-27
21,34,4.3,view,2025-01-06
22,1,3.0,view,2024-07-29
22,2,2.8,purchase,2025-03-16
22,9,4.1,view,2024-03-12
22,10,4.6,click,2025-01-08
22,11,2.5,purchase,2024-06-10
22,12,3.1,view,2024-05-21
22,13,2.8,view,2024-10-10
22,16,2.8,click,2024-05-25
22,19,4.6,view,2025-03-10
22,20,4.7,view,2024-04-15
22,22,4.4,click,2024-04-06
22,23,3.0,view,2024-11-26
22,26,1.9,view,2024-09-10
22,27,2.5,view,2024-09-12
22,30,2.8,view,2024-09-27
23,1,3.9,click,2024-10-02
23,2,4.5,view,2024-02-12
23,35,4.2,click,2024-04-14
23,3,4.9,view,2024-10-01
23,5,4.2,click,2024-11-20
23,38,4.6,view,2024-06-07
23,4,4.5,view,2024-01-30
23,40,4.1,purchase,2024-02-29
24,1,2.7,purchase,2024-04-24
24,2,2.4,purchase,2025-01-03
24,3,4.2,view,2024-10-19
24,4,4.2,click,2024-12-10
24,7,4.7,view,2024-04-24
24,8,4.6,view,2024-07-24
24,9,1.9,purchase,2025-03-19
24,10,2.3,view,2024-06-16
24,11,2.0,purchase,2024-01-05
24,14,4.2,view,2024-10-15
24,15,3.1,click,2024-05-04
24,16,2.6,click,2024-09-09
24,17,5.0,view,2025-01-10
24,18,4.7,view,2024-03-18
24,19,1.6,purchase,2024-01-13
24,21,2.3,view,2024-11-21
24,23,3.2,view,2024-06-20
24,24,1.6,purchase,2025-03-10
24,25,4.6,view,2024-02-23
24,26,4.1,view,2024-08-02
24,29,4.4,view,2024-03-13
24,30,4.5,view,2024-01-23
25,5,3.9,purchase,2024-08-26
25,6,4.2,view,2024-10-01
25,7,2.4,view,2024-08-19
25,8,2.4,view,2025-03-12
25,9,3.9,view,2025-02-17
25,10,4.5,click,2024-01-21
25,14,2.2,view,2024-03-16
25,15,3.9,view,2024-07-01
25,16,4.3,view,2024-12-12
25,17,2.4,view,2024-01-16
25,19,4.8,purchase,2024-10-11
25,20,4.6,view,2024-02-18
25,21,4.3,view,2024-03-03
25,22,3.6,view,2024-03-07
25,23,2.2,purchase,2024-07-09
26,3,2.9,view,2024-06-30
26,4,2.2,view,2024-05-20
26,5,4.1,view,2024-01-18
26,6,4.5,click,2024-05-05
26,7,4.5,purchase,2024-07-29
26,8,4.7,purchase,2024-02-01
26,9,3.9,purchase,2024-03-11
26,11,2.5,click,2024-05-07
26,16,4.5,click,2025-02-10
26,18,3.7,purchase,2025-02-04
27,1,1.9,view,2024-10-27
27,3,4.5,view,2025-01-31
27,4,3.9,click,2025-03-16
27,6,4.2,view,2024-07-10
27,8,4.5,purchase,2024-10-27
27,13,3.9,view,2024-06-14
27,14,4.0,view,2025-01-09
27,15,4.8,purchase,2024-11-28
27,16,4.2,click,2024-12-21
27,17,4.7,click,2025-02-06
27,18,4.2,click,2025-02-21
27,21,4.0,view,2025-01-10
27,22,4.5,view,2024-03-31
27,24,3.0,click,2024-07-19
27,25,4.7,click,2024-01-17
27,27,4.0,view,2025-02-18
27,28,4.8,view,2024-11-23
27,29,4.4,purchase,2024-03-13
27,30,4.2,view,2024-05-01
28,1,2.9,purchase,2024-11-30
28,2,2.1,purchase,2024-03-21
28,3,3.8,view,2024-04-15
28,4,4.9,purchase,2024-12-22
28,6,2.7,click,2024-05-15
28,7,2.9,view,2024-05-01
28,8,2.0,purchase,2024-10-19
28,12,2.7,purchase,2024-03-19
28,13,3.8,view,2024-08-06
28,14,3.9,click,2024-09-02
28,17,2.2,view,2024-04-15
28,18,2.2,view,2024-02-11
28,19,2.6,view,2024-06-06
28,21,4.6,purchase,2024-09-07
28,22,4.7,view,2024-02-16
28,23,2.8,purchase,2024-04-04
28,24,2.5,purchase,2024-07-08
28,25,4.0,view,2024-05-14
28,26,4.3,view,2024-04-25
29,3,4.0,view,2024-04-18
29,4,4.6,view,2024-01-22
29,5,2.5,purchase,2024-04-13
29,7,5.0,view,2025-03-03
29,8,4.4,view,2025-01-07
29,13,4.7,view,2024-02-14
29,17,4.3,purchase,2024-10-09
29,18,4.2,view,2024-09-23
29,20,4.3,view,2025-02-06
29,21,2.9,click,2024-09-24
29,25,4.6,view,2024-07-31
29,26,4.0,click,2024-10-28
29,28,2.7,view,2024-02-24
29,29,4.4,view,2025-02-06
29,30,4.2,click,2025-03-26
29,31,4.2,purchase,2024-05-15
30,1,4.7,view,2024-03-29
30,2,4.0,view,2025-03-04
30,3,1.9,view,2024-08-21
30,6,1.9,view,2024-12-26
30,7,2.2,view,2025-02-25
30,9,4.3,purchase,2024-11-21
30,10,3.5,view,2024-05-03
30,11,4.2,click,2024-08-16
30,12,4.0,purchase,2024-10-27
30,13,2.7,view,2024-03-24
30,15,3.2,view,2025-01-18
30,16,3.2,view,2024-05-25
30,19,3.7,view,2024-03-24
30,20,4.7,view,2025-03-14
30,21,2.2,view,2024-12-12
30,22,2.2,purchase,2024-09-19
30,23,3.7,view,2024-08-30
30,24,4.7,view,2024-11-03
30,25,3.1,view,2024-05-09
30,26,2.8,view,2024-12-30
31,1,3.2,click,2024-04-02
31,4,2.4,purchase,2024-03-06
31,5,3.0,click,2025-01-25
31,8,3.4,view,2024-12-01
31,9,2.0,view,2024-04-24
31,11,3.0,view,2024-08-03
31,15,3.1,view,2024-07-09
31,17,2.3,view,2024-08-25
31,21,4.7,purchase,2024-01-28
31,22,4.7,click,2024-10-24
31,24,3.5,view,2024-08-29
31,25,3.4,click,2024-03-02
31,27,3.3,purchase,2024-09-28
31,28,2.4,view,2025-03-21
31,29,3.3,view,2024-04-12
31,30,2.4,click,2024-08-22
32,1,4.3,view,2024-09-30
32,2,4.0,view,2024-01-08
32,3,4.7,click,2024-04-07
32,5,3.7,view,2024-11-16
32,6,4.6,view,2024-12-21
32,9,3.3,view,2024-03-07
32,12,3.9,click,2024-10-28
32,14,4.2,view,2025-02-25
32,16,3.8,view,2024-08-21
32,19,3.0,click,2024-09-25
32,20,2.4,view,2024-06-24
32,22,3.9,purchase,2024-07-02
33,3,4.1,view,2024-06-03
33,4,4.3,view,2024-12-05
33,7,4.4,click,2024-11-06
33,8,4.5,purchase,2025-03-01
33,10,3.4,click,2025-01-03
33,13,4.5,view,2024-02-28
33,14,4.6,purchase,2024-04-11
33,15,2.8,view,2025-03-01
33,23,2.7,view,2024-07-02
33,25,4.5,view,2024-03-23
33,26,3.7,purchase,2024-04-16
33,27,2.9,purchase,2024-06-18
33,29,4.1,view,2024-12-09
33,30,3.9,view,2025-03-03
34,1,4.4,click,2024-02-18
34,2,4.3,view,2024-09-03
34,3,4.2,purchase,2024-03-17
34,4,4.7,click,2024-11-09
34,5,1.9,view,2024-09-15
34,8,3.2,purchase,2025-03-21
34,9,4.0,purchase,2024-06-13
34,10,4.1,view,2024-01-26
34,11,4.4,click,2024-11-25
34,12,4.3,view,2024-02-10
34,13,4.3,click,2024-08-17
34,14,3.9,purchase,2024-08-16
34,15,2.4,purchase,2025-01-16
34,17,2.9,view,2024-07-25
34,21,4.3,click,2024-10-08
34,23,3.5,view,2025-02-09
34,24,4.5,click,2024-11-22
34,25,4.2,click,2024-10-14
34,27,2.2,purchase,2024-06-23
34,31,4.2,view,2025-02-22
34,32,4.1,purchase,2024-06-18
34,33,4.4,click,2024-11-03
34,34,4.3,view,2025-01-01
35,1,3.3,click,2024-07-15
35,5,4.3,click,2024-12-20
35,7,4.6,view,2024-07-22
35,8,4.8,view,2024-08-19
35,10,3.1,view,2024-07-30
35,11,2.8,click,2024-06-02
35,13,3.2,click,2025-03-16
35,14,2.4,click,2024-11-19
35,15,4.1,view,2024-11-15
35,16,4.5,view,2024-12-10
35,17,3.9,view,2024-09-14
35,20,2.7,view,2024-12-29
35,22,2.0,view,2024-10-14
35,24,2.6,click,2024-12-07
35,26,3.0,click,2024-05-26
35,27,4.7,purchase,2025-02-17
35,28,3.6,view,2024-01-13
35,29,4.3,view,2024-12-09
35,30,3.8,view,2025-01-19
35,31,3.1,view,2024-12-15
35,32,2.3,view,2024-12-19
35,35,3.1,view,2025-01-20
36,1,4.4,view,2024-03-23
36,2,4.4,view,2024-01-03
36,3,4.2,view,2024-01-21
36,4,4.0,view,2024-11-01
36,8,3.8,click,2025-03-07
36,11,4.5,purchase,2025-02-08
36,12,4.4,view,2024-02-07
36,13,4.6,view,2024-09-26
36,14,4.1,view,2024-09-23
36,16,1.9,click,2024-03-22
36,17,4.3,click,2024-07-25
36,18,3.9,view,2024-04-19
36,19,2.9,view,2024-07-03
36,21,2.4,click,2024-09-28
36,22,2.6,click,2025-02-25
36,24,4.6,view,2024-02-28
36,25,4.5,purchase,2024-05-03
36,26,4.7,click,2024-11-14
36,28,2.3,view,2024-12-15
36,29,4.7,purchase,2025-02-11
36,30,4.8,purchase,2024-05-11
36,32,2.7,view,2024-01-13
36,33,3.4,view,2024-09-20
36,34,3.1,purchase,2024-09-06
36,35,3.8,view,2024-06-13
37,1,4.5,view,2024-07-02
37,2,4.8,view,2024-05-28
37,3,3.1,view,2024-11-06
37,4,2.0,purchase,2024-07-14
37,5,4.3,view,2024-08-30
37,6,4.0,view,2024-03-10
37,7,4.6,click,2024-05-31
37,8,4.8,view,2024-06-01
37,9,2.9,view,2024-01-06
37,10,2.7,click,2024-03-13
37,11,3.9,view,2024-10-20
37,12,4.4,click,2024-10-07
37,15,4.8,view,2024-04-17
37,16,4.6,view,2024-04-18
37,17,4.3,click,2024-03-13
37,18,4.0,view,2024-11-11
37,19,3.2,view,2024-02-28
37,20,2.2,click,2025-03-12
37,22,1.9,click,2024-08-24
37,23,4.5,view,2024-05-28
37,27,4.5,view,2024-02-20
37,28,4.0,click,2024-09-06
37,29,4.8,view,2024-03-06
37,30,4.5,view,2024-02-21
38,1,4.1,view,2024-10-02
38,3,2.2,view,2025-01-07
38,5,1.9,view,2025-03-10
38,7,4.4,view,2025-02-20
38,8,4.4,purchase,2025-01-28
38,10,4.4,view,2024-10-09
38,11,4.1,click,2024-08-29
38,12,4.5,view,2024-07-06
38,15,2.5,click,2025-01-10
38,17,4.7,view,2024-08-25
38,18,4.4,view,2024-07-22
38,19,2.5,view,2024-12-05
38,20,2.3,click,2024-12-16
38,22,4.0,click,2024-03-12
38,23,4.3,view,2024-10-16
38,24,4.8,view,2025-01-11
38,29,4.6,view,2024-01-21
39,6,2.7,view,2025-02-22
39,7,4.7,purchase,2025-02-09
39,8,4.4,click,2024-01-04
39,11,2.6,view,2024-08-13
39,15,2.1,view,2024-09-20
39,17,4.5,view,2024-03-17
39,18,4.0,view,2024-11-04
39,20,4.5,view,2024-12-04
39,21,4.1,view,2025-01-03
39,22,3.9,purchase,2024-09-02
39,29,4.1,view,2024-11-27
39,30,4.6,view,2024-05-04
39,31,3.8,click,2024-10-30
39,32,4.0,click,2024-01-21
39,33,4.7,view,2024-01-29
40,3,3.9,view,2024-11-04
40,4,4.4,view,2025-01-31
40,6,4.5,purchase,2024-09-24
40,9,4.3,view,2024-12-23
40,10,4.4,view,2025-02-14
40,13,4.4,purchase,2024-06-28
40,14,4.4,click,2024-02-20
40,15,4.3,view,2024-09-01
40,16,4.6,view,2024-05-25
40,17,2.8,click,2024-07-28
40,19,4.1,view,2024-12-29
40,20,4.6,view,2024-10-22
40,21,4.4,click,2024-01-04
41,1,3.2,purchase,2024-11-03
41,4,4.3,view,2024-05-14
41,6,2.2,view,2024-11-07
41,7,3.7,purchase,2024-07-24
41,8,4.5,click,2024-05-26
41,9,3.0,click,2024-01-30
41,11,3.5,view,2024-11-23
41,13,4.4,view,2024-04-13
41,14,4.7,click,2024-05-26
41,15,2.2,click,2024-09-18
41,16,2.7,view,2024-11-10
41,17,4.0,view,2024-07-03
41,18,4.1,view,2024-03-21
41,20,2.0,view,2025-02-03
41,21,2.5,purchase,2024-07-26
41,23,2.8,click,2024-01-08
41,24,3.0,view,2024-02-16
41,25,4.4,click,2024-10-25
41,26,4.2,view,2024-04-25
41,28,2.8,view,2024-08-20
42,1,4.1,click,2024-05-17
42,3,2.2,view,2024-09-12
42,4,3.0,view,2025-01-11
42,6,2.3,view,2024-04-15
42,7,4.1,view,2025-03-04
42,11,4.5,view,2025-02-02
42,12,3.9,view,2024-12-12
42,14,3.6,purchase,2024-11-10
42,15,1.6,click,2024-01-22
42,16,3.2,view,2024-11-13
42,17,4.2,click,2025-03-20
42,18,4.1,view,2025-01-26
42,20,3.4,view,2024-07-22
42,22,2.2,click,2024-03-06
42,23,3.8,purchase,2024-09-01
42,24,4.8,view,2024-09-14
42,27,2.4,view,2024-08-22
42,29,4.9,click,2024-08-23
42,30,4.2,view,2024-01-07
42,31,2.9,purchase,2024-10-24
43,3,4.0,purchase,2024-03-09
43,10,4.9,click,2024-09-30
43,13,4.5,purchase,2024-06-02
43,14,4.1,click,2024-01-25
43,15,2.5,view,2024-01-31
43,18,4.1,view,2024-08-31
43,19,4.7,view,2024-08-18
43,20,4.6,view,2024-07-03
43,21,4.2,click,2025-02-18
43,22,4.1,view,2024-07-29
43,25,3.9,click,2024-04-11
44,3,2.3,view,2024-08-14
44,4,2.8,view,2024-09-26
44,5,4.7,view,2024-01-18
44,6,4.5,view,2025-03-18
44,7,2.6,click,2024-05-19
44,8,2.7,view,2024-12-23
44,10,4.4,click,2024-11-01
44,11,2.6,click,2024-08-10
44,12,2.7,click,2024-06-07
44,13,3.4,purchase,2024-10-03
44,14,2.3,view,2024-08-14
44,15,4.2,purchase,2024-05-13
44,16,4.0,view,2024-01-01
44,18,2.7,view,2024-06-25
44,19,2.3,click,2024-01-05
44,20,2.9,purchase,2025-01-21
44,21,4.3,view,2025-01-27
44,22,4.3,view,2024-11-01
44,23,2.3,view,2024-10-07
44,25,2.5,purchase,2024-10-14
44,26,2.5,view,2024-03-24
44,27,4.5,purchase,2025-02-28
44,28,4.3,view,2024-02-10
44,30,2.5,view,2024-09-21
44,31,3.1,click,2025-02-17
45,2,3.1,view,2024-02-11
45,3,3.2,view,2024-01-29
45,5,4.1,purchase,2024-02-06
45,6,4.4,view,2024-04-08
45,7,4.7,view,2025-02-22
45,8,4.3,view,2024-03-03
45,12,3.7,view,2024-07-16
45,13,3.1,purchase,2024-05-06
45,15,4.6,view,2024-04-11
45,17,4.3,view,2024-09-23
45,18,4.5,view,2024-08-30
45,20,2.5,view,2024-06-14
45,24,2.1,view,2025-01-16
45,27,4.8,click,2024-03-03
45,28,4.1,view,2024-04-11
45,29,4.2,view,2025-03-18
46,1,4.4,purchase,2024-04-07
46,2,4.4,click,2024-06-27
46,5,2.4,purchase,2024-05-20
46,7,4.7,click,2025-03-16
46,9,4.4,view,2024-09-28
46,10,4.0,view,2025-02-23
46,11,4.1,view,2024-08-20
46,12,3.5,click,2024-07-13
46,16,3.0,view,2024-11-13
46,17,4.7,click,2024-05-02
46,19,4.2,view,2024-12-03
46,21,4.8,purchase,2024-04-07
46,22,4.4,purchase,2025-01-27
46,23,4.4,click,2024-05-24
47,2,3.5,click,2024-02-19
47,5,2.0,view,2024-09-29
47,6,2.5,view,2024-09-26
47,7,4.5,click,2024-11-16
47,8,4.8,click,2025-01-18
47,9,2.7,view,2025-01-27
47,10,4.5,view,2024-12-11
47,14,2.6,purchase,2024-02-23
47,16,2.1,view,2024-10-08
47,17,4.3,view,2024-12-02
47,18,4.0,click,2024-08-14
47,20,3.5,view,2024-10-08
47,21,4.9,view,2025-03-08
47,22,4.2,purchase,2025-02-26
47,26,3.0,click,2024-05-03
47,27,2.7,view,2024-07-11
47,29,4.6,view,2024-07-03
47,30,4.8,purchase,2024-07-22
48,1,4.1,view,2024-02-17
48,2,4.4,click,2024-04-21
48,36,4.6,view,2025-02-09
48,7,2.6,purchase,2025-02-26
48,42,3.4,click,2025-02-23
48,11,4.7,click,2024-11-24
48,43,2.4,click,2024-07-14
48,16,1.9,view,2025-01-29
49,2,2.6,view,2024-09-06
49,3,4.3,click,2024-04-10
49,4,4.4,click,2024-05-06
49,5,2.3,view,2025-02-01
49,6,2.5,click,2024-02-15
49,7,3.9,purchase,2024-08-04
49,8,4.2,view,2024-06-13
49,14,4.2,view,2025-01-29
49,16,2.4,view,2024-11-11
49,17,4.6,purchase,2024-11-15
49,18,4.0,view,2025-02-22
49,20,2.3,view,2024-03-20
49,21,3.0,view,2024-02-27
49,25,4.6,view,2024-11-13
49,26,4.8,view,2024-01-08
49,28,2.4,view,2024-06-05
49,29,4.3,view,2024-06-18
49,30,4.1,click,2024-04-18
50,2,2.6,view,2024-06-10
50,3,2.6,click,2024-09-29
50,6,2.0,view,2024-09-13
50,7,4.8,click,2024-12-30
50,8,3.7,view,2024-09-28
50,10,4.2,purchase,2024-07-20
50,13,3.0,view,2024-06-26
50,17,4.5,view,2024-11-16
50,18,4.2,click,2024-05-21
50,19,3.2,view,2025-03-25
50,20,2.5,view,2024-10-11
50,21,4.8,view,2024-03-18
50,26,2.4,purchase,2024-12-02
50,28,2.1,purchase,2024-09-23
51,1,4.6,view,2024-03-18
51,3,3.1,view,2024-03-08
51,7,4.0,click,2024-11-11
51,8,4.1,click,2024-11-09
51,9,2.3,view,2024-04-28
51,11,4.5,view,2024-02-10
51,12,4.5,purchase,2024-03-09
51,13,2.6,click,2024-08-28
51,18,4.5,view,2024-04-04
51,19,3.3,purchase,2024-08-30
51,24,4.0,view,2024-04-25
51,25,1.8,view,2024-05-18
51,26,3.6,view,2025-01-15
51,27,2.9,view,2025-01-22
51,28,2.2,view,2024-08-12
52,4,3.3,view,2024-05-08
52,5,4.2,view,2025-01-02
52,6,4.6,view,2024-02-28
52,8,3.0,view,2024-02-13
52,9,4.4,purchase,2025-01-07
52,10,3.1,click,2024-11-09
52,13,3.6,purchase,2024-10-08
52,14,2.5,view,2024-06-20
52,15,4.4,view,2024-03-24
52,17,3.3,view,2025-01-28
52,19,4.5,purchase,2024-06-06
52,20,4.2,purchase,2024-05-27
52,21,2.8,view,2024-03-08
52,27,4.8,view,2024-11-14
52,28,4.6,view,2024-08-22
52,30,2.6,purchase,2024-10-05
52,31,4.6,click,2024-09-09
52,32,4.1,click,2024-12-03
52,34,2.6,purchase,2024-08-14
52,35,1.9,click,2024-01-04
52,36,2.3,click,2024-05-22
52,37,2.8,click,2025-02-23
52,39,4.6,view,2024-04-04
53,3,4.5,click,2024-01-30
53,4,3.9,click,2024-02-14
53,6,2.6,click,2025-02-07
53,8,3.8,view,2024-08-06
53,10,2.8,view,2024-05-12
53,12,2.7,click,2024-06-30
53,13,4.8,click,2024-10-15
53,14,4.4,purchase,2024-09-09
53,15,3.2,click,2024-04-29
53,24,3.0,view,2024-01-01
53,25,3.9,purchase,2024-11-16
53,26,4.6,view,2025-02-13
54,1,4.1,view,2024-03-30
54,2,3.9,view,2025-02-02
54,3,2.2,view,2024-08-15
54,4,2.6,purchase,2024-09-13
54,5,4.0,view,2024-09-04
54,6,4.6,click,2024-06-07
54,9,4.6,view,2025-01-28
54,11,4.7,click,2024-12-12
54,12,4.9,view,2025-01-05
54,15,3.7,purchase,2024-12-31
54,16,4.7,view,2024-01-03
54,18,2.4,view,2024-12-17
54,19,4.7,view,2024-06-19
54,20,4.3,view,2024-02-22
54,22,4.4,view,2024-01-12
54,23,4.4,view,2024-11-23
54,24,4.7,view,2024-04-12
54,25,2.2,view,2024-09-29
54,27,4.2,purchase,2024-12-09
54,28,3.9,view,2024-03-21
54,29,2.3,view,2024-11-14
55,1,4.3,view,2024-02-03
55,2,4.3,view,2024-09-02
55,3,4.3,view,2024-05-24
55,4,4.6,click,2024-10-21
55,5,2.1,view,2024-07-26
55,7,3.2,view,2024-06-15
55,10,2.7,view,2025-02-09
55,11,4.2,purchase,2024-07-24
55,12,4.4,view,2024-11-13
55,13,4.1,view,2024-09-03
55,14,4.3,view,2024-04-16
55,16,3.2,click,2024-08-08
55,17,3.1,purchase,2024-10-17
55,18,3.1,click,2024-12-21
55,19,2.3,view,2025-01-13
55,20,3.5,click,2025-03-04
55,21,2.6,click,2024-11-01
55,22,2.6,click,2024-02-19
55,23,4.6,view,2024-06-06
55,24,4.8,view,2024-11-02
55,25,3.9,click,2025-01-29
55,26,4.6,view,2024-09-10
55,30,2.8,view,2024-02-16
55,33,2.2,view,2024-10-24
55,34,3.4,view,2025-01-22
56,1,2.6,view,2024-10-11
56,3,4.3,view,2025-03-06
56,4,4.3,view,2025-03-22
56,7,4.5,view,2024-01-06
56,9,3.8,view,2024-03-14
56,11,3.0,purchase,2024-12-02
56,13,4.3,view,2024-02-13
56,15,2.1,purchase,2025-03-16
56,18,4.3,click,2024-08-05
56,19,4.5,purchase,2024-09-17
56,20,4.3,purchase,2024-07-15
56,22,4.2,view,2024-08-05
57,34,2.8,view,2024-12-16
57,3,4.5,click,2024-06-08
57,6,4.5,view,2024-09-30
57,39,4.6,purchase,2024-08-20
57,40,4.4,purchase,2024-10-20
57,8,4.6,purchase,2024-06-29
57,42,4.8,view,2024-05-28
57,11,4.0,click,2025-01-18
58,1,4.0,click,2025-03-17
58,2,3.7,view,2024-03-15
58,3,4.4,view,2025-03-04
58,4,4.4,purchase,2025-01-29
58,5,2.5,purchase,2025-01-06
58,8,2.8,view,2024-10-22
58,10,4.6,view,2024-01-28
58,12,4.5,view,2024-01-27
58,13,4.0,purchase,2024-08-31
58,14,4.2,click,2024-04-29
58,21,4.3,purchase,2024-08-30
58,23,4.1,click,2025-03-21
58,24,4.3,view,2025-02-12
58,25,4.3,view,2024-09-28
58,28,2.9,view,2024-02-19
58,29,3.4,view,2025-03-08
58,30,2.5,view,2024-06-20
59,1,4.6,view,2025-02-01
59,2,3.8,purchase,2024-06-19
59,3,3.9,view,2025-02-20
59,4,2.3,purchase,2024-02-05
59,6,2.6,view,2024-11-08
59,7,2.5,purchase,2024-02-25
59,8,2.1,purchase,2024-04-21
59,9,2.8,view,2024-08-14
59,10,3.0,view,2024-01-18
59,11,3.8,click,2025-01-07
59,12,4.1,purchase,2024-01-10
59,13,3.4,view,2024-11-30
59,16,2.8,view,2024-12-06
59,17,2.5,view,2024-12-24
59,19,2.4,purchase,2024-10-21
59,21,1.6,purchase,2024-09-01
60,1,3.7,click,2024-05-02
60,2,4.4,view,2025-02-09
60,3,2.7,view,2024-09-12
60,5,4.4,purchase,2024-01-09
60,6,3.7,view,2024-06-21
60,8,4.6,view,2024-07-26
60,11,3.9,click,2024-08-22
60,14,3.5,click,2024-03-17
60,15,4.6,view,2024-02-06
60,16,3.7,view,2024-09-07
60,17,4.5,purchase,2024-11-12
60,18,3.8,view,2024-01-08
60,21,2.2,view,2024-06-06
60,23,4.6,view,2024-08-21
60,24,4.5,click,2024-02-02
60,27,4.6,view,2024-02-28
60,28,4.4,click,2024-04-22
60,30,3.8,view,2024-08-06
60,31,2.4,purchase,2024-06-15
60,34,2.0,click,2024-10-06
60,35,4.0,view,2025-01-26
61,2,3.7,purchase,2024-02-11
61,3,3.6,view,2024-02-15
61,4,4.5,click,2024-05-25
61,6,2.5,purchase,2024-12-20
61,7,2.1,view,2024-11-23
61,9,4.1,purchase,2024-07-29
61,12,4.1,view,2024-11-08
61,13,4.5,click,2024-04-02
61,16,3.0,click,2024-02-15
62,1,3.9,purchase,2025-03-21
62,2,4.0,view,2024-02-07
62,3,4.3,purchase,2024-01-28
62,4,4.7,view,2024-04-20
62,7,3.5,purchase,2024-04-01
62,10,4.3,view,2024-08-22
62,11,4.5,view,2024-05-18
62,13,4.1,view,2024-01-17
62,14,4.5,view,2024-05-23
62,16,2.1,purchase,2024-08-22
62,19,4.3,view,2024-04-22
62,20,4.7,click,2024-03-21
62,21,4.6,click,2024-03-28
62,22,4.4,click,2025-03-13
62,23,4.1,purchase,2025-03-14
62,24,4.4,view,2024-10-29
62,25,4.3,purchase,2024-05-22
63,1,4.3,purchase,2024-09-02
63,2,4.6,view,2024-08-19
63,37,2.6,view,2024-10-12
63,38,3.0,purchase,2024-04-21
63,39,3.9,view,2024-05-02
63,8,2.9,view,2024-01-09
63,11,4.3,view,2024-03-23
63,12,4.5,click,2025-01-17
64,33,3.7,purchase,2025-01-20
64,34,4.1,click,2024-10-04
64,1,4.4,view,2025-02-07
64,36,4.5,click,2025-03-26
64,4,2.4,view,2024-09-20
64,35,4.8,view,2024-01-27
64,8,3.9,view,2024-08-26
64,41,4.5,view,2024-07-06
65,2,4.4,view,2024-08-28
65,3,3.0,click,2024-05-29
65,6,4.3,view,2025-02-13
65,11,4.5,view,2024-04-06
65,12,4.7,purchase,2024-02-14
65,14,1.9,view,2024-05-27
65,15,4.8,view,2024-02-25
65,16,4.0,view,2024-12-22
65,18,2.1,view,2025-03-23
65,19,2.2,view,2024-05-30
65,21,4.3,click,2024-03-08
65,22,4.3,purchase,2024-08-15
65,23,4.6,view,2024-05-29
66,3,3.2,view,2024-03-23
66,7,4.1,view,2024-06-11
66,10,4.4,purchase,2024-05-13
66,12,2.5,view,2024-10-14
66,13,3.0,view,2024-06-25
66,14,2.1,purchase,2024-10-03
66,15,3.7,click,2024-06-03
66,18,3.9,view,2024-07-26
66,19,3.5,view,2024-08-22
66,21,4.8,view,2024-01-03
66,22,4.9,click,2024-09-16
66,23,2.4,view,2024-08-30
66,25,3.4,click,2024-12-07
66,27,2.1,click,2025-01-08
67,1,4.2,purchase,2025-01-08
67,2,4.7,view,2025-03-03
67,5,2.8,view,2024-03-14
67,6,2.2,purchase,2025-03-20
67,7,4.4,view,2024-02-03
67,8,4.8,click,2025-01-22
67,11,4.3,view,2024-07-28
67,12,4.5,view,2024-07-31
67,17,4.0,purchase,2024-12-29
67,18,4.4,view,2024-04-12
67,20,2.2,purchase,2024-05-28
67,21,2.7,view,2025-02-25
67,22,3.2,click,2024-06-04
67,23,4.4,purchase,2024-04-24
67,24,3.7,view,2024-03-19
67,25,2.3,purchase,2024-03-04
67,27,2.9,view,2024-08-01
67,28,2.2,view,2024-01-15
67,29,3.9,view,2024-09-09
67,30,4.9,view,2024-11-02
67,32,3.0,click,2024-09-03
67,33,2.7,view,2024-11-17
68,3,3.7,view,2024-04-23
68,7,3.9,view,2024-12-18
68,8,4.1,view,2024-04-17
68,10,3.9,view,2024-08-05
68,12,2.9,view,2024-02-09
68,13,3.7,purchase,2025-01-22
68,14,4.3,view,2024-02-25
68,16,1.8,click,2024-10-30
68,17,3.8,view,2024-05-09
68,18,3.8,view,2024-12-07
68,19,3.6,view,2025-02-04
68,20,3.9,click,2024-04-15
68,21,4.4,view,2024-04-04
68,25,4.5,view,2024-02-16
68,26,4.0,view,2024-10-23
68,27,2.4,view,2025-03-13
68,29,4.4,click,2024-05-03
68,30,4.4,view,2024-02-20
68,31,4.6,view,2024-09-27
68,32,4.1,view,2024-05-24
68,33,4.0,click,2024-01-03
68,37,4.9,view,2024-04-19
68,38,4.8,purchase,2024-07-06
69,5,4.9,purchase,2024-04-06
69,6,4.7,purchase,2024-12-13
69,8,2.5,view,2024-12-11
69,9,4.4,view,2024-07-21
69,15,4.3,view,2024-03-02
69,16,4.0,purchase,2024-12-21
69,19,4.4,view,2025-01-14
69,20,4.8,view,2024-02-03
69,21,2.5,view,2024-06-22
69,25,2.2,purchase,2024-03-03
69,26,2.3,purchase,2025-01-06
69,27,4.4,click,2024-10-30
69,28,4.1,purchase,2024-07-01
70,3,2.6,view,2024-01-17
70,4,2.2,view,2024-12-27
70,5,4.0,purchase,2024-03-09
70,6,4.2,purchase,2024-09-06
70,7,4.6,click,2024-12-11
70,8,4.4,click,2024-12-16
70,9,4.4,purchase,2024-08-31
70,11,2.7,view,2024-09-16
70,15,3.8,view,2024-09-10
70,16,4.4,purchase,2024-11-11
70,17,4.5,view,2024-06-13
70,18,3.8,click,2024-01-24
70,19,3.9,view,2024-06-27
70,20,4.6,click,2024-01-14
70,23,3.1,view,2024-07-13
70,25,2.0,view,2024-07-01
70,26,2.5,view,2024-12-04
70,27,4.1,view,2024-11-27
70,28,4.2,view,2024-12-18
70,29,3.8,view,2024-02-28
70,31,4.2,view,2024-10-02
70,32,4.2,purchase,2024-12-02
70,34,3.3,click,2024-09-20
71,3,2.6,view,2024-06-26
71,5,4.6,view,2024-09-15
71,6,4.6,purchase,2024-12-05
71,7,4.4,view,2024-07-31
71,9,4.3,click,2024-09-20
71,11,2.6,click,2024-04-02
71,12,3.3,click,2025-03-17
71,13,2.2,purchase,2024-04-19
71,14,2.9,purchase,2024-05-17
71,16,4.8,click,2025-02-18
71,17,4.5,purchase,2024-10-16
71,18,4.5,view,2024-09-24
71,19,4.0,purchase,2024-03-16
71,20,4.1,view,2025-03-08
71,23,2.5,view,2025-03-16
71,27,4.6,view,2024-11-20
71,28,4.1,purchase,2024-05-16
71,29,4.6,view,2024-05-11
71,30,4.5,view,2024-07-26
71,31,4.1,view,2024-04-08
71,32,3.7,view,2024-08-25
72,1,4.5,view,2024-06-11
72,2,4.4,purchase,2024-12-15
72,3,4.1,view,2025-03-26
72,4,4.6,view,2024-07-04
72,6,2.6,view,2025-02-24
72,7,2.4,click,2024-01-18
72,9,3.2,view,2024-12-19
72,11,4.8,view,2024-05-09
72,12,4.4,view,2024-11-23
72,13,4.8,view,2025-02-19
72,14,4.5,click,2025-03-19
72,15,2.3,purchase,2024-07-17
72,17,1.6,purchase,2024-05-10
72,19,2.4,view,2024-06-01
72,23,4.1,view,2024-08-12
72,24,4.5,purchase,2025-02-08
72,25,3.7,view,2025-02-25
72,27,3.1,purchase,2024-08-29
72,28,3.0,view,2025-01-02
72,29,2.5,view,2025-02-26
72,31,2.1,view,2024-09-16
72,32,1.9,purchase,2024-11-04
72,33,3.0,click,2025-01-12
73,1,2.2,purchase,2025-03-03
73,3,4.7,view,2024-01-11
73,4,4.8,click,2024-11-27
73,5,2.8,view,2024-02-15
73,7,4.9,view,2024-05-14
73,8,4.5,view,2024-01-26
73,9,2.5,purchase,2024-11-03
73,10,4.1,view,2024-07-07
73,11,2.2,click,2024-03-01
73,14,3.6,click,2024-08-10
73,16,3.1,purchase,2025-02-27
73,17,4.5,view,2024-04-24
73,18,4.5,view,2025-03-17
73,21,4.6,view,2024-05-27
73,22,4.6,purchase,2024-03-07
73,24,2.5,view,2024-11-03
73,25,4.1,view,2025-01-07
73,26,4.5,purchase,2024-04-02
74,1,2.3,click,2024-09-09
74,2,3.5,purchase,2024-03-08
74,4,2.0,click,2024-08-09
74,5,4.0,view,2024-06-09
74,6,3.8,view,2024-09-12
74,7,4.7,view,2025-01-17
74,8,4.2,purchase,2024-05-24
74,9,4.7,view,2024-11-09
74,13,3.2,view,2024-09-21
74,15,4.2,view,2024-06-10
74,16,4.6,purchase,2025-01-26
74,17,4.8,click,2025-03-12
74,18,4.8,purchase,2024-01-28
74,19,4.0,view,2024-04-27
74,20,4.0,purchase,2024-05-13
74,22,2.1,purchase,2024-08-11
74,25,2.0,purchase,2024-01-21
74,26,2.6,click,2024-09-05
74,27,4.3,view,2025-03-09
74,28,4.5,view,2024-03-04
74,30,4.2,view,2025-03-20
75,1,2.5,purchase,2024-05-25
75,3,2.8,view,2024-03-02
75,4,2.4,purchase,2025-01-11
75,6,3.1,view,2024-12-16
75,7,4.5,view,2024-12-06
75,8,3.9,view,2024-09-19
75,10,2.2,purchase,2024-07-17
75,11,2.6,click,2024-11-03
75,14,2.5,purchase,2025-02-19
75,15,2.5,view,2024-08-10
75,16,2.8,view,2024-01-21
75,17,4.4,purchase,2024-12-12
75,18,4.1,view,2024-09-10
75,19,2.7,click,2024-02-12
75,20,2.4,purchase,2024-02-10
75,21,3.4,purchase,2024-06-02
75,23,2.1,view,2024-12-16
76,3,4.1,view,2024-08-10
76,4,4.4,view,2024-07-21
76,5,2.0,view,2024-12-01
76,7,4.3,purchase,2025-03-20
76,11,2.9,click,2025-01-06
76,12,2.6,click,2025-02-20
76,13,4.9,view,2024-12-19
76,14,4.5,purchase,2025-02-15
76,15,2.4,view,2024-03-10
76,16,1.7,view,2025-02-21
76,17,3.7,view,2025-03-15
76,18,3.7,purchase,2024-11-28
76,20,2.1,view,2024-08-11
76,22,3.2,click,2024-04-07
76,25,3.9,purchase,2024-03-16
76,26,4.3,view,2024-02-29
76,28,2.1,view,2025-01-13
77,2,2.6,view,2025-01-05
77,3,3.0,purchase,2025-03-02
77,5,3.5,view,2025-02-11
77,7,2.6,view,2024-11-14
77,8,2.2,view,2024-12-07
77,9,4.4,view,2024-04-12
77,10,4.0,purchase,2024-02-21
77,15,3.1,purchase,2024-06-04
77,19,4.1,click,2024-01-25
77,20,5.0,view,2024-05-13
77,21,4.2,view,2024-03-30
77,22,4.6,click,2024-01-17
77,23,3.1,view,2024-08-08
77,25,2.0,view,2024-03-02
77,26,2.7,purchase,2024-05-12
77,27,3.8,view,2025-01-28
77,31,3.8,click,2024-05-16
77,32,4.7,click,2024-11-05
77,33,4.5,view,2024-08-12
77,34,4.6,view,2024-02-24
77,35,3.1,click,2025-02-04
77,36,3.3,view,2025-02-25
78,1,2.5,click,2025-03-23
78,2,2.4,view,2024-06-25
78,4,1.6,view,2024-09-27
78,5,4.5,view,2024-12-24
78,6,4.3,view,2024-10-05
78,7,2.8,click,2024-11-29
78,8,2.6,view,2025-02-19
78,9,4.6,purchase,2025-02-01
78,10,2.2,view,2024-02-13
78,11,1.8,view,2024-07-18
78,12,3.0,view,2024-09-23
78,13,3.8,view,2024-04-19
78,15,3.9,click,2024-06-08
78,16,4.4,view,2024-01-12
78,17,1.8,click,2024-10-30
78,19,4.1,view,2025-01-06
78,20,4.3,click,2024-02-26
78,22,3.0,view,2024-05-12
78,23,2.8,view,2024-03-04
78,26,1.8,view,2024-08-17
78,27,4.2,view,2024-08-20
78,28,4.2,view,2025-02-16
78,29,3.0,click,2024-10-16
78,30,3.0,click,2025-03-08
78,31,4.4,view,2024-06-02
79,3,4.4,purchase,2024-02-26
79,4,3.9,click,2024-05-28
79,5,3.7,view,2024-03-01
79,6,4.2,view,2024-06-04
79,8,2.4,view,2025-02-09
79,9,2.1,click,2024-08-03
79,10,3.8,view,2024-05-25
79,11,4.1,purchase,2024-01-02
79,12,3.9,view,2024-02-04
79,13,4.7,purchase,2024-09-03
79,15,4.4,click,2024-08-19
79,16,4.7,purchase,2024-08-31
79,22,4.6,click,2024-03-08
79,23,4.6,click,2024-11-21
79,27,4.3,purchase,2024-12-07
79,30,2.6,view,2024-02-15
79,32,3.1,click,2024-07-28
80,3,2.4,view,2024-02-16
80,4,2.0,view,2024-10-04
80,6,2.1,view,2024-04-03
80,7,4.1,view,2024-03-19
80,8,4.2,purchase,2024-12-13
80,9,4.0,click,2024-06-15
80,13,2.2,view,2024-06-01
80,15,2.5,view,2024-03-13
80,16,2.5,view,2024-05-12
80,17,4.3,view,2024-01-27
80,18,4.1,click,2024-10-27
80,19,4.1,click,2025-01-20
80,20,4.4,view,2024-05-17
80,21,1.9,purchase,2024-10-10
80,23,2.5,purchase,2024-01-15
80,29,4.3,view,2024-01-10
80,30,4.1,click,2024-12-11
80,31,3.9,click,2024-11-29
80,32,4.6,view,2024-10-17
80,34,2.5,view,2025-03-09
81,1,2.3,view,2024-06-23
81,3,4.1,click,2024-06-17
81,4,3.7,view,2024-11-26
81,5,4.8,click,2024-08-31
81,6,3.6,view,2024-12-10
81,7,4.0,click,2024-12-22
81,9,2.9,purchase,2024-10-02
81,10,2.0,view,2024-10-02
81,13,3.7,purchase,2024-12-10
81,14,3.9,purchase,2025-02-27
81,15,4.4,purchase,2024-03-31
81,16,4.7,view,2024-03-04
81,17,4.3,view,2024-08-15
81,18,3.6,view,2025-01-23
81,19,2.3,view,2024-04-08
81,20,2.0,click,2024-11-16
81,22,2.4,view,2024-04-29
81,24,3.7,view,2024-01-19
81,25,4.1,click,2024-04-17
81,26,3.6,purchase,2024-02-26
81,27,4.7,click,2024-09-13
81,28,4.4,click,2024-04-09
81,29,4.5,click,2024-12-10
81,30,4.5,click,2024-03-30
82,1,4.2,purchase,2024-04-09
82,2,4.2,click,2025-02-17
82,6,1.8,view,2024-12-19
82,7,4.3,view,2024-05-07
82,8,4.0,view,2024-06-08
82,11,3.8,view,2024-01-15
82,12,4.3,view,2024-10-30
82,19,4.6,view,2025-03-06
82,21,4.1,view,2024-08-30
82,23,4.1,view,2025-03-02
83,34,2.0,purchase,2024-04-29
83,3,4.7,click,2024-01-06
83,4,4.3,purchase,2025-02-11
83,37,4.3,click,2024-11-13
83,5,2.0,view,2024-08-20
83,7,2.7,click,2024-04-08
83,8,2.0,view,2024-10-31
83,10,3.0,click,2025-02-08
83,43,3.2,click,2024-03-05
84,1,2.2,view,2024-08-26
84,2,2.8,view,2024-09-03
84,3,4.6,view,2025-02-17
84,4,4.6,view,2024-07-23
84,8,2.2,view,2024-07-04
84,9,3.6,view,2024-01-16
84,10,2.7,view,2024-05-28
84,12,2.6,click,2025-01-26
84,13,4.2,view,2024-04-11
84,14,4.0,view,2024-04-22
84,16,3.3,view,2024-06-22
84,17,3.2,view,2024-04-01
84,18,2.2,view,2025-03-07
84,20,4.1,view,2024-01-11
84,22,3.2,view,2024-07-13
84,23,2.9,view,2024-06-22
84,24,3.5,view,2024-08-21
84,25,4.1,view,2024-12-04
84,27,2.2,click,2025-02-13
84,28,3.9,purchase,2025-03-25
84,29,3.0,view,2024-03-14
84,30,3.3,view,2025-02-10
84,31,4.0,click,2024-07-12
84,32,4.5,view,2024-11-02
85,5,3.7,view,2024-04-13
85,6,4.3,view,2024-07-21
85,8,4.1,purchase,2024-07-12
85,9,4.4,view,2024-05-10
85,10,2.7,view,2025-01-19
85,12,2.0,purchase,2024-09-22
85,15,4.2,click,2024-01-22
85,16,4.3,click,2024-06-21
85,17,4.3,purchase,2024-08-09
85,18,4.3,purchase,2024-06-11
85,19,4.1,view,2024-04-01
85,20,4.3,view,2024-11-26
85,27,3.8,view,2024-05-30
85,28,4.7,click,2024-10-06
85,29,4.5,view,2024-04-26
85,30,3.9,view,2024-07-03
85,31,3.7,view,2024-06-19
85,32,4.0,view,2024-05-08
85,33,2.4,view,2024-04-07
85,34,2.9,view,2025-03-13
85,38,3.0,click,2024-05-13
86,33,3.1,view,2025-03-09
86,2,2.2,purchase,2024-04-17
86,34,2.5,click,2024-01-16
86,38,2.5,click,2025-03-23
86,39,3.9,view,2024-09-12
86,40,4.6,view,2024-06-22
86,43,4.1,purchase,2024-12-17
86,11,3.0,click,2024-06-02
87,2,2.2,purchase,2024-07-19
87,3,2.1,view,2024-03-07
87,4,2.7,purchase,2025-01-15
87,5,1.9,view,2024-03-07
87,7,4.7,view,2024-08-09
87,8,4.6,purchase,2024-03-22
87,9,4.5,view,2024-10-27
87,11,2.2,purchase,2024-05-21
87,13,2.2,view,2024-08-16
87,14,1.9,purchase,2024-11-05
87,15,3.2,click,2024-06-17
87,16,3.4,purchase,2024-08-23
87,17,4.3,view,2025-01-12
87,18,3.9,purchase,2024-06-26
87,19,4.5,view,2024-07-19
87,20,4.5,view,2024-07-31
87,22,2.3,click,2025-01-10
87,27,2.5,purchase,2024-12-03
88,1,4.5,purchase,2024-07-14
88,2,4.2,purchase,2025-03-14
88,3,4.0,view,2024-01-06
88,4,4.1,view,2024-06-16
88,9,2.9,purchase,2024-09-05
88,10,2.6,view,2024-10-07
88,12,4.5,purchase,2024-03-12
88,13,4.3,view,2025-03-06
88,14,4.0,view,2024-11-06
88,18,2.0,view,2024-03-04
88,23,4.4,purchase,2024-03-27
88,24,3.8,view,2024-12-12
88,25,4.1,purchase,2024-07-02
89,1,3.7,view,2024-06-21
89,2,4.6,view,2024-04-22
89,3,4.8,view,2025-02-12
89,4,4.6,view,2025-01-05
89,11,4.0,purchase,2024-09-19
89,12,3.9,view,2024-06-14
89,14,4.4,view,2024-11-15
89,21,4.1,click,2024-07-21
89,22,4.8,view,2024-04-28
89,23,4.1,view,2024-06-14
89,25,4.0,purchase,2024-11-30
89,26,4.2,purchase,2024-04-18
89,32,2.6,view,2024-12-02
90,2,3.0,view,2024-06-07
90,3,4.1,purchase,2025-01-22
90,4,4.1,view,2024-01-31
90,7,2.1,purchase,2024-05-31
90,8,2.2,purchase,2024-04-14
90,9,4.5,view,2025-01-06
90,13,4.4,purchase,2025-01-13
90,14,4.7,view,2024-05-22
90,15,2.4,view,2024-09-23
90,18,3.1,purchase,2024-11-27
90,20,4.6,view,2024-04-27
90,21,3.2,view,2024-06-24
90,22,2.3,click,2024-01-28
90,25,4.7,view,2025-02-14
90,26,4.5,view,2024-11-07
90,31,4.7,click,2024-06-13
91,1,3.6,view,2024-07-22
91,5,4.3,purchase,2024-08-13
91,6,4.3,click,2025-01-11
91,9,4.3,view,2025-02-23
91,10,3.6,purchase,2024-01-11
91,13,3.1,purchase,2025-03-13
91,14,2.0,view,2024-10-31
91,15,4.4,click,2025-01-07
91,16,4.0,purchase,2024-08-25
91,17,2.4,view,2024-07-11
91,19,4.4,purchase,2024-02-06
91,20,4.2,purchase,2024-04-10
91,28,4.0,view,2024-01-03
92,2,4.0,purchase,2024-05-10
92,3,4.6,view,2024-09-17
92,36,4.5,view,2024-12-22
92,4,3.8,purchase,2024-08-05
92,40,4.6,view,2024-09-01
92,42,1.8,view,2024-11-19
92,13,4.5,view,2024-12-23
92,46,2.9,view,2024-05-13
93,1,3.6,purchase,2024-10-17
93,2,3.2,view,2024-04-12
93,4,3.8,view,2025-02-18
93,5,3.0,view,2025-03-22
93,6,2.5,click,2024-02-25
93,7,3.3,view,2024-02-10
93,8,2.4,purchase,2024-03-04
93,9,2.3,view,2024-01-16
93,10,4.4,purchase,2024-09-05
93,12,2.9,view,2024-01-05
93,13,3.8,view,2024-12-06
93,14,4.4,view,2024-02-19
93,17,2.2,view,2024-07-11
93,18,2.8,view,2024-09-05
93,20,2.6,view,2024-11-05
93,21,4.3,view,2024-12-15
93,22,4.7,view,2025-02-22
93,24,2.3,view,2024-12-06
93,25,4.3,click,2024-01-30
93,26,4.9,view,2025-02-16
93,27,2.0,purchase,2025-03-21
93,28,2.9,view,2024-01-14
94,1,4.5,purchase,2025-01-13
94,2,4.5,view,2024-06-27
94,10,2.5,purchase,2024-12-03
94,12,4.7,view,2025-01-10
94,15,4.3,click,2024-04-09
94,16,4.5,click,2025-03-24
94,19,4.4,click,2024-01-17
94,20,3.9,view,2024-06-03
94,23,4.6,click,2025-03-23
94,24,4.3,purchase,2024-02-29
94,27,4.4,click,2024-05-03
95,1,4.7,purchase,2024-06-12
95,2,4.6,view,2024-09-23
95,3,2.9,click,2024-04-23
95,6,2.0,view,2024-10-02
95,8,3.3,view,2024-03-15
95,9,3.2,view,2025-03-04
95,10,2.2,purchase,2024-03-16
95,11,4.4,view,2025-01-17
95,12,4.5,view,2024-11-02
95,13,2.4,click,2024-12-18
95,16,2.1,click,2024-09-01
95,17,2.8,view,2024-09-10
95,18,2.4,purchase,2024-01-31
95,21,3.7,view,2024-03-19
95,22,3.2,view,2025-03-10
96,2,3.7,view,2024-01-27
96,3,2.0,click,2024-11-28
96,5,4.2,purchase,2024-03-17
96,6,4.5,purchase,2024-05-05
96,7,1.8,view,2024-07-22
96,8,2.6,click,2024-03-29
96,11,2.9,purchase,2025-02-01
96,12,2.9,view,2025-02-02
96,13,2.6,purchase,2024-05-20
96,15,4.5,purchase,2024-07-07
96,16,3.6,view,2024-02-12
96,25,2.1,click,2024-04-25
96,26,1.7,click,2024-10-20
96,27,4.3,view,2025-02-10
96,28,4.4,purchase,2024-09-04
97,1,4.8,click,2024-10-09
97,2,4.1,view,2024-05-22
97,3,3.9,click,2024-08-04
97,5,1.9,view,2024-05-13
97,7,4.3,view,2024-07-23
97,8,4.3,view,2024-12-12
97,10,2.5,view,2024-10-01
97,11,4.1,view,2024-11-20
97,12,4.5,view,2024-12-31
97,13,4.2,click,2024-11-05
97,14,4.0,view,2024-06-10
97,15,3.8,purchase,2024-07-13
97,16,1.8,click,2024-05-06
97,17,3.8,view,2024-09-29
97,18,3.9,click,2024-07-27
97,19,3.8,view,2024-07-04
97,20,4.7,view,2024-03-15
97,21,3.3,view,2024-05-20
97,25,3.6,purchase,2024-04-23
97,26,4.3,view,2025-02-04
97,27,3.5,view,2024-09-26
98,2,2.7,view,2025-01-15
98,5,4.2,purchase,2025-02-17
98,6,4.7,purchase,2024-12-12
98,7,2.6,view,2024-09-02
98,11,2.6,click,2024-12-23
98,13,2.1,view,2024-11-11
98,14,2.2,view,2024-12-31
98,15,4.3,click,2025-01-18
98,18,2.4,click,2024-12-16
98,19,2.8,click,2024-08-17
98,20,3.6,click,2024-04-25
98,22,2.2,view,2025-03-05
98,23,2.1,view,2024-01-27
98,24,2.5,purchase,2024-03-28
98,25,2.5,view,2024-06-22
98,27,4.7,view,2025-03-01
98,28,4.4,view,2024-05-28
99,1,2.5,view,2024-10-01
99,2,3.2,view,2024-08-12
99,5,2.9,purchase,2024-03-23
99,7,4.0,purchase,2024-01-03
99,8,4.2,view,2024-02-26
99,10,4.0,view,2024-03-09
99,11,2.5,view,2024-01-17
99,15,2.1,view,2024-09-02
99,17,4.8,view,2024-03-01
99,18,4.3,click,2024-09-10
99,19,3.1,view,2024-06-15
99,21,4.6,purchase,2024-09-13
99,22,4.5,purchase,2024-03-08
99,24,2.0,view,2025-02-09
99,25,1.7,view,2024-06-25
99,27,2.6,view,2024-01-27
99,29,4.5,view,2024-08-07
100,35,4.1,view,2024-07-24
100,5,1.8,view,2024-03-15
100,38,2.5,click,2024-04-12
100,39,2.0,view,2024-07-13
100,37,2.5,view,2024-12-24
100,9,2.8,view,2024-04-23
100,42,2.4,purchase,2024-02-01
100,11,4.4,view,2024-06-04
101,1,3.6,click,2025-01-29
101,2,4.7,view,2024-07-03
101,7,4.6,view,2025-01-15
101,10,4.6,click,2024-11-05
101,11,4.2,view,2024-04-17
101,12,4.4,view,2024-02-24
101,14,2.1,click,2024-03-02
101,15,1.8,view,2024-04-08
101,16,2.9,view,2024-02-08
101,17,4.8,click,2024-06-24
101,18,4.2,purchase,2025-01-24
102,1,4.0,purchase,2024-09-10
102,2,4.5,click,2024-02-08
102,3,2.1,click,2024-07-15
102,6,4.4,purchase,2024-07-24
102,8,2.8,view,2024-04-04
102,10,3.6,click,2024-04-21
102,12,4.4,view,2025-03-26
102,15,4.8,click,2024-08-21
102,18,2.6,click,2024-05-12
102,20,2.4,view,2024-05-31
102,22,4.5,click,2024-03-01
102,23,4.0,view,2024-09-30
102,24,4.1,view,2024-11-23
102,26,2.1,view,2024-03-09
103,1,2.2,view,2024-04-14
103,2,2.7,purchase,2024-03-20
103,3,4.3,purchase,2024-07-07
103,4,4.0,purchase,2024-02-17
103,5,4.4,purchase,2024-04-04
103,6,4.6,view,2024-04-06
103,11,2.7,view,2024-11-27
103,13,4.2,view,2024-03-24
103,14,4.7,purchase,2024-12-17
103,15,4.5,view,2024-03-14
103,16,3.8,view,2024-08-20
103,18,3.4,purchase,2024-02-21
103,21,3.0,view,2025-01-07
103,22,3.0,view,2024-11-04
103,24,2.0,purchase,2024-01-11
103,25,3.9,view,2025-01-25
104,1,4.6,view,2024-06-18
104,3,4.3,view,2024-01-29
104,4,4.4,view,2024-11-17
104,5,2.7,view,2025-02-26
104,6,1.8,click,2024-05-31
104,7,2.0,purchase,2024-03-13
104,11,3.5,view,2024-01-13
104,12,4.1,purchase,2024-03-16
104,13,4.2,view,2024-04-25
105,1,2.7,click,2024-09-30
105,5,4.4,click,2025-02-24
105,6,4.1,view,2024-10-24
105,7,4.5,click,2024-10-22
105,8,4.6,view,2024-12-25
105,9,2.0,view,2024-01-02
105,10,4.1,view,2024-07-04
105,12,2.7,view,2024-02-26
105,13,3.8,view,2024-07-03
105,14,4.7,view,2024-05-30
105,15,4.3,click,2024-08-03
105,16,4.1,view,2024-01-29
105,19,3.0,view,2024-12-22
105,21,4.5,purchase,2025-01-10
105,23,1.8,purchase,2024-07-09
105,25,3.8,view,2024-12-05
105,26,4.4,purchase,2025-03-04
105,27,4.4,view,2024-01-16
105,28,4.0,view,2024-02-10
105,29,4.1,view,2024-10-18
106,2,2.8,view,2025-02-22
106,5,2.9,purchase,2024-06-09
106,7,4.5,purchase,2025-02-27
106,8,4.3,view,2025-02-15
106,9,4.2,purchase,2024-04-09
106,10,4.1,view,2024-02-09
106,11,2.5,view,2024-01-15
106,12,2.3,view,2024-10-04
106,16,2.0,view,2024-11-01
106,17,3.6,view,2024-04-06
106,18,4.4,view,2024-05-03
106,19,4.1,click,2024-10-16
106,20,3.8,purchase,2024-01-24
106,22,3.8,view,2024-06-07
106,23,1.6,view,2025-01-19
106,25,2.3,purchase,2024-09-13
106,27,2.2,purchase,2025-01-06
106,29,4.2,view,2024-12-25
106,30,4.5,view,2024-07-27
106,31,4.7,click,2024-02-21
106,32,4.4,view,2024-01-13
107,1,4.0,view,2024-10-07
107,2,4.7,view,2024-09-12
107,4,2.0,view,2024-03-27
107,5,4.8,view,2024-02-04
107,6,4.1,view,2024-06-29
107,7,3.9,view,2024-12-29
107,9,3.1,view,2024-08-30
107,10,3.7,purchase,2024-11-28
107,11,4.8,view,2024-10-18
107,14,2.6,view,2025-03-15
107,16,4.2,purchase,2025-03-14
107,17,4.5,view,2024-08-13
107,20,2.5,click,2024-06-09
107,22,2.5,purchase,2024-09-16
107,23,4.3,view,2024-11-13
107,24,4.9,view,2025-01-14
107,25,3.1,click,2024-01-05
107,28,4.0,view,2024-05-28
107,29,4.3,click,2024-07-23
107,30,4.7,view,2024-07-17
108,2,4.3,click,2024-12-18
108,3,4.6,purchase,2024-06-30
108,4,4.7,click,2024-07-18
108,5,4.6,click,2025-02-04
108,6,4.7,view,2024-02-09
108,9,4.5,click,2024-11-11
108,12,4.0,view,2024-01-08
108,13,4.0,purchase,2024-03-16
108,14,4.4,view,2024-02-28
108,15,4.6,purchase,2024-05-14
108,16,4.4,view,2024-08-18
108,20,4.8,view,2024-11-20
108,22,2.6,click,2024-02-19
108,23,3.7,view,2024-08-03
108,24,4.5,view,2024-11-03
108,25,4.3,view,2024-04-17
108,26,4.8,click,2024-01-08
108,27,4.2,view,2024-01-09
108,28,4.2,view,2024-09-14
108,30,3.2,view,2024-12-24
108,32,4.4,purchase,2024-07-30
108,33,2.5,view,2025-02-28
109,1,3.6,view,2025-02-04
109,2,4.1,view,2024-05-17
109,3,4.7,view,2024-06-06
109,4,4.7,purchase,2024-12-10
109,9,4.1,purchase,2024-01-17
109,11,3.7,view,2025-02-08
109,13,4.2,click,2025-02-23
109,14,4.6,view,2024-06-20
109,16,2.2,click,2024-08-08
109,18,2.3,purchase,2024-04-08
109,19,4.5,purchase,2025-02-28
109,20,3.8,click,2024-08-07
109,21,2.1,purchase,2025-01-07
109,22,2.2,view,2024-09-21
109,23,4.0,view,2024-02-20
109,24,4.5,view,2024-09-15
109,25,3.9,click,2025-02-05
109,26,4.3,view,2025-03-04
109,30,2.7,view,2024-04-14
109,31,3.9,view,2024-08-11
109,32,3.6,click,2024-03-19
109,33,1.8,click,2024-02-10
109,34,2.7,view,2025-01-15
109,35,4.6,purchase,2024-11-20
109,36,4.5,view,2024-04-05
110,3,4.3,view,2024-11-20
110,4,4.7,view,2024-04-02
110,5,4.2,view,2024-12-03
110,6,4.4,click,2025-03-13
110,7,1.8,view,2024-06-26
110,12,2.6,click,2024-11-03
110,13,4.4,view,2024-09-24
110,14,4.6,view,2024-04-08
110,15,4.5,click,2024-01-12
110,16,4.4,view,2024-04-20
110,23,3.3,view,2024-04-21
110,25,3.7,view,2024-04-22
110,26,3.9,view,2024-05-17
110,27,4.1,view,2024-02-17
110,28,4.2,click,2024-11-29
111,2,3.7,view,2025-02-18
111,3,4.2,view,2024-07-02
111,4,4.1,view,2024-12-02
111,10,2.5,view,2025-02-03
111,11,4.2,view,2024-06-12
111,12,4.5,view,2024-04-19
111,13,4.3,view,2024-04-29
111,14,4.4,purchase,2024-05-25
111,16,2.8,click,2024-04-21
111,17,2.0,view,2025-01-01
111,22,2.8,view,2024-10-20
111,23,4.7,purchase,2024-12-15
111,24,4.6,view,2025-02-20
111,25,4.2,view,2024-01-26
111,26,4.6,purchase,2024-01-24
111,27,3.8,purchase,2024-03-02
111,28,2.1,view,2024-11-03
112,1,2.5,click,2024-02-22
112,3,1.8,view,2025-02-26
112,5,3.6,view,2024-06-14
112,6,4.7,purchase,2024-04-25
112,7,4.0,view,2025-01-05
112,8,4.7,view,2025-02-21
112,15,4.7,view,2024-12-18
112,16,4.7,view,2025-02-05
112,17,3.8,view,2024-06-04
112,18,3.8,view,2024-12-18
112,20,4.5,purchase,2024-05-18
112,21,2.9,view,2024-10-25
112,26,2.6,view,2024-06-12
112,27,4.7,click,2025-03-11
112,28,4.8,purchase,2024-11-22
112,29,4.3,view,2024-09-24
112,30,4.4,click,2024-09-01
112,31,4.5,view,2024-06-13
113,1,4.5,purchase,2024-06-29
113,2,4.1,click,2024-02-13
113,3,4.2,view,2024-03-18
113,4,4.3,purchase,2024-09-17
113,5,2.4,purchase,2024-05-19
113,7,2.5,view,2024-11-28
113,8,2.5,purchase,2024-04-09
113,10,2.4,purchase,2024-03-31
113,11,4.4,click,2024-11-07
113,12,4.4,purchase,2024-02-25
113,13,4.5,view,2024-02-26
113,14,4.1,view,2024-01-19
113,16,2.7,view,2024-02-03
113,17,2.7,view,2024-04-25
113,20,3.3,purchase,2024-07-19
113,22,2.5,view,2025-01-10
113,23,4.6,view,2024-09-10
113,24,4.1,view,2024-06-26
113,25,4.5,click,2024-05-27
113,26,4.6,view,2024-04-04
113,27,2.6,click,2024-09-01
113,28,3.0,view,2024-03-28
113,29,2.4,view,2024-03-26
114,1,2.6,view,2024-10-06
114,2,2.3,purchase,2024-05-09
114,3,2.5,view,2025-02-27
114,6,2.4,view,2024-09-22
114,7,4.6,click,2024-09-04
114,8,3.9,click,2025-01-07
114,9,4.5,view,2024-07-29
114,10,3.3,view,2024-07-01
114,13,2.6,view,2024-10-22
114,14,3.0,purchase,2024-07-03
114,18,4.1,view,2024-04-09
114,19,4.8,purchase,2024-11-23
114,20,3.9,view,2025-03-25
115,1,2.4,view,2024-08-30
115,2,3.5,view,2025-02-19
115,3,4.5,purchase,2024-08-04
115,4,4.3,view,2024-05-13
115,5,3.5,click,2024-06-08
115,6,2.2,purchase,2024-12-13
115,9,4.7,click,2024-03-12
115,10,2.9,view,2024-05-08
115,11,2.1,click,2024-04-12
115,12,2.4,view,2024-06-01
115,13,4.4,purchase,2024-10-06
115,14,4.0,purchase,2024-02-19
115,18,2.1,purchase,2024-12-21
115,19,4.2,view,2024-08-27
115,20,4.2,purchase,2024-08-03
115,22,3.6,purchase,2024-01-15
115,23,3.4,view,2025-01-27
115,24,2.5,view,2024-11-10
115,25,4.7,view,2024-10-24
115,26,4.4,view,2024-11-13
115,27,2.7,click,2025-03-25
115,29,2.4,purchase,2024-03-05
115,31,4.3,view,2024-08-24
115,32,4.6,click,2024-08-23
115,34,3.2,view,2024-01-29
116,1,2.1,view,2024-09-23
116,5,3.9,view,2024-02-23
116,6,4.3,click,2024-08-15
116,7,2.5,view,2024-06-02
116,8,2.5,view,2025-02-23
116,9,4.1,click,2024-05-13
116,10,4.6,purchase,2025-03-15
116,14,2.9,view,2024-08-09
116,15,4.0,view,2024-04-04
116,19,4.0,view,2024-03-28
116,20,4.4,click,2024-04-12
116,28,4.3,view,2024-05-28
116,30,2.9,click,2024-09-09
116,31,4.2,view,2024-07-19
116,32,4.3,view,2024-08-25
116,33,4.3,purchase,2024-03-16
117,1,3.8,view,2024-06-29
117,34,4.5,click,2024-06-22
117,3,4.3,view,2024-05-22
117,37,4.6,view,2024-07-20
117,38,3.8,purchase,2024-07-11
117,39,3.6,click,2024-12-03
117,10,4.0,click,2025-02-01
117,42,4.5,view,2024-03-07
118,3,4.3,view,2024-11-22
118,4,4.4,view,2024-04-10
118,7,2.3,purchase,2024-12-13
118,8,2.3,view,2025-01-14
118,9,4.0,click,2025-02-18
118,10,4.6,view,2024-10-25
118,11,1.7,view,2024-04-14
118,14,3.7,view,2024-01-03
118,15,2.4,purchase,2024-10-17
118,20,4.4,view,2024-06-23
118,21,4.0,click,2024-09-11
118,22,4.0,view,2024-10-19
118,24,3.2,click,2024-06-29
118,25,4.2,click,2025-03-12
118,26,4.0,view,2024-08-12
118,28,2.5,purchase,2025-03-23
118,33,3.8,view,2024-03-06
118,34,4.6,view,2024-02-21
119,1,4.5,view,2024-06-22
119,2,4.3,view,2024-06-20
119,3,3.4,view,2024-03-12
119,4,2.2,view,2025-01-22
119,9,2.9,view,2024-04-30
119,11,4.4,click,2024-11-08
119,14,2.9,view,2024-06-26
119,15,3.7,purchase,2024-11-02
119,16,3.0,view,2024-10-09
119,18,2.6,view,2024-05-18
119,19,3.0,view,2024-01-19
120,2,2.9,click,2024-02-23
120,3,1.9,purchase,2024-12-27
120,4,3.6,purchase,2024-05-23
120,6,1.9,view,2025-03-06
120,7,3.7,view,2024-06-05
120,8,3.0,view,2024-03-03
120,10,4.2,view,2024-01-19
120,12,3.7,purchase,2024-11-28
120,13,3.1,view,2024-01-11
120,14,2.6,view,2024-05-18
120,15,2.3,purchase,2024-06-02
120,21,4.6,view,2024-01-31
120,22,4.1,click,2024-07-15
120,23,2.6,purchase,2024-07-15
120,24,2.6,view,2024-04-15
120,26,2.5,purchase,2024-09-29
120,28,1.9,view,2024-01-17
120,29,2.7,view,2024-01-14
120,30,3.4,view,2025-02-28
120,32,3.4,click,2024-04-20
120,33,4.6,view,2025-01-06
120,34,4.6,purchase,2025-03-19
120,35,2.5,view,2025-02-17
121,2,2.5,click,2024-05-20
121,6,4.2,view,2025-02-04
121,8,4.5,click,2024-01-07
121,9,3.9,click,2024-12-04
121,15,4.2,view,2025-03-09
121,16,4.0,purchase,2024-01-09
121,17,4.3,purchase,2024-01-19
121,18,4.8,purchase,2024-11-22
121,19,4.7,view,2024-07-28
121,20,3.8,view,2024-05-21
121,22,3.4,click,2024-06-09
122,32,3.7,view,2024-10-03
122,5,3.0,click,2024-04-30
122,6,2.4,view,2024-09-16
122,7,4.3,click,2024-02-09
122,38,2.3,view,2024-10-19
122,9,4.2,purchase,2024-02-06
122,42,4.5,view,2024-03-14
122,10,1.7,click,2025-02-07
122,43,4.2,purchase,2024-11-29
122,44,4.2,view,2024-11-14
123,33,3.6,view,2024-10-16
123,4,2.6,click,2024-11-18
123,5,2.7,purchase,2024-10-02
123,6,3.0,click,2025-02-12
123,8,3.8,purchase,2024-12-03
123,41,4.4,purchase,2024-06-11
123,42,4.1,click,2024-05-30
123,11,3.4,view,2024-05-04
124,1,4.3,click,2024-05-03
124,2,4.5,view,2024-06-21
124,3,3.4,view,2024-10-29
124,7,4.5,view,2025-01-04
124,8,3.8,view,2024-08-17
124,9,4.7,purchase,2025-01-14
124,10,3.2,view,2025-01-22
124,11,4.3,view,2025-01-10
124,12,4.0,click,2025-02-23
124,15,4.8,view,2024-03-18
124,16,4.7,click,2024-10-30
124,17,4.2,purchase,2024-07-13
124,19,4.2,view,2024-09-17
124,20,4.5,view,2025-01-30
124,22,2.0,view,2024-09-09
124,23,4.2,click,2024-09-22
124,24,4.7,click,2024-09-17
124,27,4.7,purchase,2024-05-26
124,29,4.2,view,2025-01-22
125,2,4.7,view,2024-01-15
125,5,4.4,view,2024-10-03
125,6,4.4,view,2024-01-04
125,7,4.4,view,2024-07-08
125,9,2.2,click,2024-08-06
125,11,4.6,click,2024-03-05
125,12,4.6,view,2024-02-26
125,13,3.0,view,2024-08-15
125,15,4.7,purchase,2024-05-14
125,16,3.9,view,2024-05-22
125,20,3.0,view,2024-06-30
125,21,3.1,view,2025-01-07
125,24,3.8,view,2024-09-16
126,1,3.7,view,2024-11-10
126,2,4.3,click,2024-04-30
126,3,4.5,purchase,2024-09-28
126,4,4.5,view,2025-03-25
126,5,2.4,view,2025-03-24
126,6,2.4,purchase,2024-09-07
126,8,3.1,purchase,2024-11-02
126,11,4.2,purchase,2024-05-31
126,12,3.9,view,2025-01-21
126,13,4.6,purchase,2024-08-16
126,14,4.2,purchase,2024-02-29
126,17,2.2,view,2024-12-04
126,23,3.9,purchase,2024-12-26
126,25,3.9,purchase,2025-03-06
126,26,4.6,purchase,2024-11-03
126,27,2.5,view,2024-01-15
126,28,2.4,click,2024-04-20
126,30,3.4,purchase,2024-02-01
127,1,4.6,click,2024-11-05
127,2,4.8,view,2025-01-11
127,3,2.8,purchase,2024-04-09
127,4,3.2,view,2025-02-05
127,5,4.2,click,2025-01-15
127,6,3.7,view,2024-08-22
127,7,2.2,view,2024-12-01
127,8,2.7,purchase,2024-05-29
127,9,4.3,view,2024-07-27
127,10,4.4,purchase,2024-05-25
127,11,4.7,click,2024-09-16
127,12,4.1,view,2024-09-11
127,15,4.5,view,2025-01-25
127,16,4.4,view,2024-08-19
127,19,4.1,view,2024-07-22
127,20,4.6,purchase,2024-07-08
127,21,4.3,view,2024-11-25
127,22,4.2,view,2025-02-18
127,23,4.5,view,2024-02-18
127,24,4.4,view,2025-03-18
127,25,3.5,click,2024-05-07
127,27,3.9,purchase,2024-11-11
127,28,4.7,click,2025-01-05
127,29,3.2,view,2024-01-31
127,31,4.6,view,2024-07-29
128,1,3.7,purchase,2024-09-10
128,2,4.0,click,2024-09-06
128,4,2.1,click,2024-08-02
128,5,4.3,view,2024-03-01
128,6,4.3,view,2025-01-03
128,8,3.5,view,2024-09-24
128,9,2.4,view,2024-10-15
128,10,4.5,view,2024-05-28
128,11,4.4,view,2025-02-15
128,12,4.5,view,2024-09-22
128,14,2.8,purchase,2024-08-24
128,16,4.1,view,2025-01-17
128,17,3.0,view,2024-03-25
128,21,4.4,purchase,2024-01-06
128,22,4.2,view,2024-03-17
128,23,4.3,view,2024-06-08
128,24,4.5,view,2024-12-21
129,2,1.9,view,2024-02-22
129,5,4.6,view,2024-04-01
129,6,4.1,view,2024-03-05
129,7,4.6,click,2024-11-26
129,9,3.1,view,2024-10-21
129,13,3.1,click,2024-11-05
129,14,2.3,click,2024-12-08
129,15,4.7,view,2024-03-27
129,16,3.6,view,2024-04-20
129,17,3.9,click,2024-03-16
129,18,4.0,purchase,2025-03-23
130,35,2.4,click,2024-06-11
130,4,4.4,click,2025-03-07
130,37,4.1,view,2024-11-20
130,7,4.6,view,2025-03-06
130,8,4.3,purchase,2024-09-07
130,41,4.5,view,2024-12-16
130,42,3.9,purchase,2024-11-29
130,13,4.2,view,2025-03-19
131,1,4.7,view,2024-10-27
131,2,4.5,view,2024-09-21
131,3,1.7,purchase,2024-08-01
131,4,3.2,view,2024-02-03
131,6,2.2,click,2024-03-16
131,7,4.5,view,2024-03-29
131,9,4.3,view,2024-11-07
131,10,4.0,click,2024-07-28
131,11,4.0,view,2024-06-08
131,12,4.1,view,2024-03-01
131,16,2.4,click,2025-03-04
131,18,4.5,click,2024-08-25
131,19,3.9,view,2024-04-03
131,20,4.5,view,2024-06-11
131,23,4.4,view,2025-01-27
131,24,4.0,view,2024-04-21
131,29,4.5,purchase,2024-02-11
131,30,4.7,view,2024-06-06
131,31,4.7,view,2025-01-17
132,5,2.1,click,2024-04-17
132,7,4.9,purchase,2024-06-26
132,8,4.5,view,2024-04-16
132,9,4.2,click,2024-10-09
132,13,3.2,view,2024-02-16
132,14,2.6,view,2024-05-12
132,16,2.2,view,2024-01-17
132,17,4.8,click,2024-12-03
132,19,4.5,purchase,2024-03-12
132,20,4.3,view,2024-07-09
132,24,2.7,click,2024-01-18
132,25,2.4,view,2024-11-18
133,1,3.7,click,2024-03-26
133,2,4.8,click,2024-12-23
133,4,4.8,view,2024-10-17
133,7,4.6,view,2024-12-05
133,8,4.2,view,2024-02-16
133,11,4.2,view,2025-02-14
133,12,4.2,purchase,2024-03-25
133,13,4.3,view,2024-04-12
133,14,4.7,view,2024-06-06
133,16,1.9,view,2025-03-15
133,17,4.1,view,2025-01-05
133,18,4.1,click,2025-03-08
133,19,3.1,view,2024-09-01
133,20,2.1,view,2024-08-29
133,21,2.7,purchase,2024-12-23
133,23,4.1,purchase,2024-12-08
133,24,4.3,purchase,2024-12-27
133,25,4.1,view,2024-07-17
133,26,3.9,view,2024-07-23
134,1,4.6,view,2024-05-13
134,2,4.8,purchase,2024-04-01
134,4,2.1,click,2025-03-03
134,6,2.0,view,2024-06-26
134,8,4.5,view,2024-12-01
134,10,4.7,view,2024-03-23
134,11,4.2,click,2024-09-16
134,12,4.3,purchase,2024-01-06
134,16,2.6,purchase,2024-08-04
134,17,4.6,view,2024-08-05
134,18,4.1,view,2024-11-05
134,20,3.1,purchase,2024-09-14
134,21,4.2,purchase,2024-12-30
134,22,4.2,click,2024-07-05
134,23,3.9,view,2024-08-05
134,24,4.4,purchase,2025-03-21
134,25,2.9,view,2024-01-04
134,26,2.4,click,2024-05-12
135,1,3.9,view,2024-03-05
135,2,4.5,purchase,2024-08-08
135,9,4.7,view,2024-08-22
135,11,4.5,view,2025-02-26
135,17,3.4,click,2024-10-18
135,18,2.6,view,2024-06-16
135,19,4.2,view,2024-11-07
135,20,4.9,view,2024-07-14
135,21,2.6,view,2024-06-21
135,23,4.8,view,2024-08-04
135,24,4.3,view,2025-01-17
135,27,2.3,view,2025-03-04
135,28,3.4,view,2025-02-10
135,29,2.2,view,2024-06-04
136,1,4.2,purchase,2024-03-18
136,2,4.3,purchase,2024-04-17
136,3,2.7,view,2024-12-10
136,5,4.3,purchase,2024-01-17
136,6,4.5,click,2024-02-10
136,8,4.5,click,2024-06-25
136,9,2.0,click,2024-07-08
136,10,2.4,view,2024-08-19
136,11,4.5,view,2024-03-20
136,12,4.5,view,2024-11-15
136,13,2.4,purchase,2024-07-31
136,15,4.9,view,2025-01-19
136,16,4.9,click,2025-01-15
136,17,4.4,view,2024-07-11
136,18,4.8,view,2024-07-12
136,20,2.8,view,2024-02-19
136,23,4.3,view,2024-02-26
136,24,4.4,view,2025-03-18
136,27,4.0,purchase,2024-10-08
136,28,4.3,view,2024-08-02
136,29,4.7,view,2024-06-12
136,30,4.6,view,2024-12-06
136,31,3.3,view,2024-09-14
136,32,2.7,purchase,2024-04-25
137,1,2.4,view,2024-02-03
137,3,3.4,view,2024-10-22
137,4,2.6,view,2024-12-16
137,6,4.5,view,2025-02-11
137,7,2.2,purchase,2024-09-13
137,9,4.5,click,2025-03-04
137,12,2.4,view,2024-05-05
137,13,2.6,view,2024-01-04
137,14,3.0,purchase,2025-03-19
137,15,4.4,purchase,2025-03-17
137,16,4.3,purchase,2024-05-13
137,17,3.3,click,2024-03-02
137,19,4.5,click,2024-11-27
137,21,3.8,view,2024-08-12
137,22,2.6,view,2024-05-29
137,27,4.6,view,2024-07-05
137,28,4.3,click,2024-11-18
137,31,4.5,purchase,2025-02-07
137,32,3.9,view,2025-03-09
137,33,2.3,click,2025-01-20
138,3,4.5,click,2024-05-20
138,4,4.4,view,2024-03-16
138,7,4.4,view,2024-04-23
138,9,3.3,click,2024-07-04
138,11,4.5,view,2025-01-01
138,12,4.0,view,2024-08-31
138,13,4.5,view,2024-03-20
138,14,4.6,view,2024-03-16
138,17,4.5,purchase,2024-05-11
138,18,4.5,view,2025-03-11
138,21,2.2,view,2024-03-16
139,32,4.0,click,2024-09-03
139,39,4.0,purchase,2024-01-08
139,40,4.5,view,2024-06-24
139,9,4.1,view,2024-04-24
139,8,4.0,click,2025-02-02
139,44,4.5,view,2024-11-28
139,16,4.0,purchase,2024-08-23
139,17,4.4,view,2025-03-06
140,1,2.3,view,2024-05-15
140,2,3.3,view,2024-06-23
140,3,4.1,click,2024-09-14
140,4,4.2,purchase,2024-02-27
140,5,3.7,view,2024-09-06
140,6,1.6,click,2024-08-28
140,7,2.6,view,2024-02-03
140,9,3.1,view,2024-02-18
140,11,3.5,purchase,2024-06-24
140,14,4.5,click,2025-02-25
140,15,2.2,view,2025-01-25
140,16,2.3,view,2024-09-13
140,18,2.4,click,2024-08-29
140,20,2.0,view,2024-11-08
140,21,2.2,view,2024-06-14
140,23,2.1,purchase,2025-02-06
140,24,2.2,view,2024-11-08
140,25,4.5,view,2024-09-21
140,26,4.9,click,2025-02-07
140,29,2.5,view,2024-04-27
140,34,3.5,purchase,2025-03-14
140,35,3.2,view,2024-03-15
140,37,4.2,view,2025-02-28
140,38,4.6,purchase,2024-06-06
141,1,2.3,click,2024-10-27
141,3,4.3,view,2024-01-29
141,4,4.5,view,2024-10-02
141,5,4.2,view,2024-02-26
141,6,4.3,view,2024-06-15
141,7,4.9,purchase,2025-02-26
141,8,4.0,view,2024-10-28
141,9,2.4,view,2024-10-14
141,10,2.0,view,2024-06-16
141,13,4.4,view,2024-10-12
141,14,4.4,view,2024-12-19
141,15,3.7,view,2025-03-21
141,16,4.6,view,2025-03-12
141,17,4.2,purchase,2025-01-17
141,18,4.7,view,2024-06-13
141,19,2.6,purchase,2024-07-04
141,21,2.4,view,2024-05-10
141,23,2.8,view,2024-03-12
141,25,3.9,purchase,2024-08-06
141,26,4.3,purchase,2025-02-12
141,27,3.8,click,2024-01-31
142,1,4.0,view,2024-04-15
142,2,4.2,view,2024-01-14
142,3,2.7,view,2025-02-03
142,4,2.1,view,2024-02-05
142,6,2.4,view,2024-04-27
142,9,4.5,view,2024-06-04
142,11,4.0,view,2024-04-29
142,12,4.8,view,2025-01-30
142,14,2.4,view,2025-03-25
142,19,4.7,purchase,2024-03-04
142,20,4.6,purchase,2024-01-14
142,21,2.6,view,2024-07-13
142,22,1.9,purchase,2024-07-23
142,23,4.0,purchase,2024-10-29
142,24,4.6,view,2024-03-30
142,25,2.6,click,2025-01-05
142,28,2.7,view,2025-01-22
142,29,2.2,purchase,2025-01-14
142,31,4.5,view,2024-07-31
142,32,4.0,view,2025-02-13
142,33,2.6,purchase,2024-05-10
142,35,4.4,purchase,2024-01-09
142,36,3.6,purchase,2024-07-23
142,40,3.6,view,2024-06-30
143,2,2.2,view,2025-02-06
143,3,4.0,purchase,2024-04-14
143,4,4.2,view,2025-03-06
143,5,2.3,view,2024-01-15
143,9,4.6,view,2024-01-15
143,10,4.7,view,2025-01-11
143,11,3.3,purchase,2024-01-24
143,13,4.4,click,2025-01-04
143,14,4.4,view,2024-02-21
143,18,1.7,view,2024-02-17
143,19,4.3,view,2024-02-27
143,20,4.8,purchase,2024-07-31
143,21,4.7,click,2024-08-13
143,22,3.9,click,2025-02-18
143,24,2.8,view,2024-08-31
143,25,4.3,view,2024-03-06
143,26,4.2,click,2024-07-06
143,31,4.8,view,2024-09-01
143,32,4.4,click,2024-04-10
144,1,4.2,click,2024-09-03
144,3,2.6,view,2024-04-06
144,5,4.5,click,2024-07-26
144,7,4.3,view,2024-08-20
144,8,4.5,click,2024-08-13
144,9,2.0,view,2024-12-01
144,11,4.6,view,2024-06-21
144,12,5.0,view,2024-05-10
144,15,4.2,purchase,2025-01-30
144,16,4.4,view,2024-12-08
144,17,4.7,click,2024-05-14
144,18,3.8,view,2024-08-06
145,32,3.1,view,2025-01-10
145,34,4.6,click,2024-11-03
145,35,4.6,click,2025-03-16
145,5,2.7,view,2025-02-13
145,7,2.7,click,2024-04-27
145,9,2.9,click,2024-03-26
145,10,4.2,view,2024-12-14
145,12,4.0,click,2024-04-25
146,1,4.3,view,2025-01-26
146,2,4.9,view,2024-07-19
146,3,4.6,purchase,2024-07-19
146,6,2.8,view,2025-03-03
146,7,2.4,view,2024-05-21
146,11,4.0,purchase,2024-03-04
146,12,4.5,click,2024-12-10
146,13,4.0,purchase,2024-03-13
146,14,4.5,view,2024-01-06
146,15,2.8,click,2024-06-08
146,20,4.4,click,2024-08-29
146,21,2.3,purchase,2024-06-01
147,5,3.8,view,2025-03-18
147,6,4.6,view,2024-05-08
147,8,2.8,view,2024-08-02
147,9,4.5,view,2024-07-01
147,11,2.0,view,2024-12-31
147,13,3.1,view,2024-10-26
147,16,4.4,click,2024-08-10
147,18,2.9,view,2025-02-03
147,19,4.6,purchase,2024-10-14
147,20,4.5,click,2024-07-11
147,23,2.8,purchase,2024-01-22
148,5,4.6,purchase,2024-12-08
148,7,4.7,view,2024-10-17
148,15,4.0,view,2024-02-20
148,18,4.2,purchase,2025-02-14
148,19,3.7,purchase,2025-03-10
148,20,4.7,view,2025-02-23
148,21,2.9,view,2024-05-07
148,24,2.3,view,2024-06-15
148,26,2.6,view,2025-01-28
148,28,4.6,view,2024-10-12
148,30,4.6,click,2024-11-27
149,3,3.0,purchase,2025-03-12
149,6,4.1,view,2024-09-29
149,7,4.2,view,2024-07-16
149,9,2.0,view,2024-11-10
149,10,2.7,view,2024-06-14
149,11,4.0,purchase,2025-02-26
149,12,1.8,click,2024-03-20
149,13,2.9,view,2024-01-14
149,14,2.6,view,2024-05-05
149,15,4.7,purchase,2024-11-27
149,16,4.6,view,2024-01-07
149,17,4.2,view,2025-03-15
149,18,4.5,purchase,2024-07-31
149,19,2.7,click,2024-04-08
149,20,2.5,click,2024-10-24
149,21,2.5,click,2024-07-17
149,22,3.0,view,2025-02-15
149,23,3.1,purchase,2024-07-08
150,3,4.4,view,2024-12-31
150,4,4.4,purchase,2024-12-26
150,7,4.6,view,2024-07-21
150,8,4.1,purchase,2024-06-07
150,10,2.7,view,2024-06-18
150,14,4.1,click,2024-07-27
150,17,4.0,click,2024-12-14
150,18,4.4,view,2024-11-08
150,21,1.9,view,2024-10-27
150,22,2.0,view,2024-11-10
150,26,3.8,purchase,2025-01-08
150,27,2.1,view,2024-05-07
150,28,3.7,view,2025-03-03
150,29,4.0,purchase,2025-01-08
150,30,3.9,view,2024-02-18
150,33,3.6,click,2024-12-24
150,34,3.6,purchase,2025-02-16
150,35,2.5,purchase,2024-03-11
150,36,3.2,view,2024-02-19
151,1,4.5,click,2025-02-10
151,2,4.8,view,2024-05-29
151,4,3.9,view,2024-10-29
151,5,4.4,view,2024-09-11
151,6,4.0,view,2024-11-09
151,7,3.5,purchase,2024-12-03
151,12,4.4,purchase,2025-02-05
151,13,4.3,view,2024-12-08
151,14,4.4,view,2024-05-06
151,15,4.2,view,2025-02-22
151,16,4.4,purchase,2024-01-22
151,17,2.4,purchase,2025-02-19
151,19,4.7,click,2024-02-20
151,20,4.7,view,2024-12-05
151,21,2.9,click,2024-10-15
151,22,2.7,click,2024-09-24
151,25,4.3,click,2024-11-25
152,4,3.6,purchase,2024-04-06
152,6,2.4,click,2024-01-27
152,7,4.6,purchase,2025-01-13
152,8,4.4,view,2024-09-17
152,10,4.2,view,2024-04-19
152,14,2.0,view,2024-04-23
152,16,3.0,view,2024-12-31
152,17,4.1,view,2024-10-19
152,21,4.5,view,2024-01-24
152,22,4.8,view,2024-12-18
152,28,2.0,view,2024-01-03
152,29,4.7,view,2024-03-31
152,30,4.9,view,2024-07-09
152,31,3.4,purchase,2024-01-23
153,1,4.5,view,2024-12-22
153,7,3.1,view,2024-12-05
153,10,4.5,view,2024-11-22
153,11,3.9,view,2025-02-09
153,12,4.4,view,2024-10-01
153,13,2.4,view,2024-12-14
153,14,3.0,purchase,2024-05-25
153,15,4.4,view,2025-03-14
153,16,4.4,view,2025-01-24
153,21,3.9,view,2024-02-14
153,22,4.4,purchase,2024-04-12
153,24,3.9,view,2024-08-28
154,1,3.3,view,2024-10-15
154,2,2.7,view,2024-11-28
154,3,4.6,purchase,2024-10-19
154,4,4.5,view,2024-12-17
154,5,4.5,purchase,2025-01-18
154,6,4.1,purchase,2024-11-09
154,7,4.1,purchase,2024-09-02
154,9,4.8,view,2024-08-20
154,10,2.7,view,2024-04-24
154,13,4.0,view,2024-07-17
154,14,5.0,view,2024-07-07
154,15,4.6,purchase,2025-02-16
154,16,4.2,view,2024-08-23
154,17,4.3,click,2025-03-12
154,18,4.1,purchase,2024-03-05
154,19,4.7,view,2024-04-16
154,20,4.8,purchase,2024-08-01
154,26,4.3,purchase,2024-08-15
154,28,4.8,purchase,2024-07-05
154,29,4.2,purchase,2024-03-09
154,30,4.5,view,2024-05-05
154,31,4.1,view,2024-10-18
154,32,4.0,click,2024-07-05
155,2,3.5,view,2024-04-13
155,3,3.0,view,2024-06-06
155,4,3.2,view,2024-11-15
155,5,4.7,click,2025-02-28
155,6,4.3,view,2024-12-26
155,7,4.0,view,2024-02-21
155,8,4.6,view,2025-03-26
155,9,2.1,purchase,2024-03-01
155,11,2.7,click,2024-07-28
155,12,2.1,click,2024-11-17
155,14,2.6,view,2024-12-19
155,15,4.7,view,2024-02-28
155,16,4.5,view,2024-08-15
155,17,3.9,view,2024-03-10
155,18,4.7,purchase,2024-07-13
155,19,2.6,view,2024-10-27
155,20,2.9,view,2024-08-13
155,24,2.8,view,2024-08-17
155,26,3.4,purchase,2024-12-09
155,27,4.4,view,2024-02-13
155,28,4.7,view,2024-03-31
155,29,3.9,view,2024-12-12
156,2,2.4,view,2024-08-28
156,3,2.5,view,2024-12-21
156,4,2.9,purchase,2024-06-20
156,5,4.2,click,2025-03-13
156,6,4.9,purchase,2024-07-27
156,7,4.5,view,2024-06-26
156,8,4.5,click,2024-04-08
156,10,4.4,view,2024-02-12
156,11,3.4,view,2025-02-16
156,15,4.5,view,2025-03-17
156,16,4.4,view,2024-01-12
156,17,4.6,view,2024-05-04
156,18,3.8,view,2024-02-03
156,19,2.1,view,2025-02-02
156,20,2.0,view,2024-01-05
156,22,4.5,view,2025-03-21
156,23,3.4,view,2024-03-20
156,25,2.7,purchase,2024-11-19
156,26,3.3,view,2024-11-09
156,27,3.9,view,2024-04-12
157,1,1.6,view,2024-04-11
157,4,4.1,click,2024-10-21
157,5,3.7,view,2024-12-25
157,6,3.1,view,2024-04-05
157,13,4.7,view,2024-03-24
157,14,4.3,click,2024-05-31
157,15,2.8,click,2024-11-23
157,19,4.2,purchase,2024-05-08
157,21,3.2,view,2024-09-28
157,26,3.6,view,2024-05-24
158,1,4.6,purchase,2024-08-02
158,3,4.8,view,2025-02-07
158,4,4.2,view,2024-07-23
158,5,2.5,purchase,2025-02-09
158,7,4.6,view,2024-03-18
158,8,4.4,view,2024-04-21
158,12,3.9,purchase,2024-08-29
158,13,4.0,view,2024-04-11
158,14,3.7,purchase,2024-03-22
158,16,2.4,click,2024-05-22
158,20,2.3,purchase,2024-11-06
158,23,4.5,purchase,2024-08-10
158,25,4.8,view,2024-09-06
159,2,2.1,view,2024-09-28
159,7,4.2,view,2025-02-17
159,8,4.5,view,2024-07-08
159,10,4.4,purchase,2024-02-02
159,16,1.7,view,2024-08-01
159,17,4.1,view,2024-12-18
159,19,4.1,view,2024-11-20
159,20,4.7,purchase,2025-02-06
159,21,4.1,view,2024-10-22
160,1,2.4,click,2024-09-04
160,3,4.4,view,2024-06-12
160,4,4.4,view,2024-11-05
160,5,3.3,view,2025-02-25
160,7,3.2,view,2024-11-01
160,9,4.5,view,2025-01-10
160,10,3.8,view,2024-09-25
160,13,4.6,view,2024-05-07
160,14,4.6,purchase,2024-12-24
160,17,3.2,view,2024-06-01
160,18,2.3,view,2024-05-31
160,20,3.7,purchase,2024-02-10
160,21,4.2,view,2024-08-16
160,22,4.5,click,2024-03-21
160,25,4.4,view,2024-02-25
160,26,4.8,purchase,2024-05-21
160,27,2.2,click,2024-08-20
160,30,2.3,click,2024-03-06
161,1,4.2,purchase,2024-06-24
161,2,4.6,purchase,2024-07-24
161,3,4.4,click,2024-08-01
161,4,4.5,purchase,2024-12-21
161,5,4.0,view,2025-02-20
161,6,4.1,view,2024-02-29
161,11,4.6,view,2024-04-26
161,13,4.1,click,2024-01-13
161,14,3.8,view,2024-09-02
161,15,3.8,view,2025-01-23
161,16,4.1,view,2025-03-21
161,20,2.1,view,2024-06-14
161,23,4.3,purchase,2024-01-10
161,24,4.4,view,2024-09-09
161,25,3.7,purchase,2024-10-08
161,26,3.8,view,2024-10-28
161,28,3.7,view,2024-10-25
161,29,2.6,view,2024-12-25
162,1,4.1,view,2024-11-29
162,8,4.2,view,2024-08-16
162,9,4.5,click,2025-01-29
162,11,4.3,view,2024-02-27
162,12,3.7,view,2025-01-15
162,14,3.5,view,2024-04-12
162,16,3.1,view,2025-03-02
162,18,4.5,view,2024-10-30
162,19,4.6,view,2024-08-25
162,20,3.8,view,2024-10-17
163,1,4.3,view,2024-03-02
163,2,4.8,view,2025-03-26
163,3,4.8,purchase,2024-03-30
163,4,3.6,view,2025-01-06
163,7,4.1,click,2024-12-21
163,8,4.4,view,2024-01-12
163,10,4.5,purchase,2024-02-02
163,12,4.6,view,2024-04-20
163,13,3.8,purchase,2024-01-16
163,14,3.7,purchase,2025-03-01
163,16,2.6,view,2024-01-07
163,17,4.4,view,2024-12-02
163,18,3.8,view,2024-12-29
163,22,4.1,purchase,2024-04-13
163,23,4.6,view,2024-12-09
163,24,4.1,view,2024-04-30
164,1,4.8,purchase,2024-08-18
164,2,4.6,view,2024-01-22
164,3,4.2,view,2024-11-02
164,6,2.4,view,2025-03-11
164,7,4.6,view,2025-02-21
164,8,4.6,purchase,2024-02-11
164,11,4.6,view,2024-09-13
164,12,4.4,click,2024-02-23
164,13,4.4,view,2024-10-08
164,14,4.5,view,2025-01-13
164,15,2.3,view,2024-09-07
164,17,3.9,view,2024-10-07
164,18,4.8,click,2024-12-02
164,20,3.2,view,2024-10-22
164,23,4.2,purchase,2024-12-18
164,24,4.6,view,2024-04-25
164,25,4.5,purchase,2024-03-20
164,26,4.6,view,2025-01-01
164,27,1.5,click,2025-02-13
164,29,3.9,view,2024-02-06
164,30,4.5,view,2024-05-03
164,31,3.0,view,2025-02-26
165,2,2.6,view,2024-09-12
165,3,2.4,view,2024-05-10
165,4,2.9,purchase,2025-01-20
165,5,4.4,view,2024-08-04
165,6,4.5,click,2025-03-26
165,7,4.2,purchase,2024-01-14
165,9,4.3,purchase,2025-01-23
165,10,3.4,purchase,2024-05-09
165,12,2.7,view,2024-05-05
165,15,4.5,view,2024-08-20
165,17,4.3,view,2024-05-03
165,18,4.5,purchase,2024-01-18
165,19,4.2,click,2025-02-01
165,20,4.5,purchase,2024-04-20
166,1,4.1,click,2025-03-08
166,2,4.4,purchase,2025-02-17
166,3,2.9,view,2024-02-21
166,4,2.1,view,2025-01-14
166,5,4.9,click,2024-10-15
166,6,3.7,purchase,2024-07-06
166,7,4.6,purchase,2024-01-11
166,8,4.5,view,2024-11-21
166,11,4.4,purchase,2024-08-30
166,12,3.7,purchase,2024-10-12
166,14,2.9,view,2024-02-03
166,15,3.9,view,2024-08-31
166,16,4.3,view,2025-03-24
166,17,4.0,view,2024-03-23
166,19,2.0,view,2024-12-06
166,21,2.2,click,2024-07-10
166,22,2.7,purchase,2024-02-04
166,23,4.9,view,2024-10-25
166,24,4.3,click,2024-01-21
166,25,2.3,view,2024-06-02
166,27,3.9,purchase,2024-01-06
167,2,3.5,view,2024-07-27
167,7,3.8,purchase,2024-01-22
167,8,4.7,purchase,2024-01-15
167,9,4.0,view,2024-07-19
167,10,4.3,view,2025-01-18
167,11,3.4,purchase,2024-11-10
167,13,3.6,click,2024-07-27
167,16,2.8,view,2024-05-03
167,17,4.4,view,2024-09-11
167,18,4.6,purchase,2024-11-03
167,19,3.7,view,2024-10-14
167,20,3.9,view,2025-01-30
167,21,4.5,view,2024-05-22
167,22,4.3,purchase,2024-11-28
167,23,3.1,view,2024-06-04
167,29,4.6,click,2024-06-16
167,30,4.8,purchase,2024-09-18
167,31,4.4,click,2024-12-21
167,32,4.4,click,2024-11-02
168,5,4.4,view,2024-03-01
168,6,4.5,view,2024-11-22
168,12,4.1,click,2025-02-08
168,15,4.5,view,2024-04-03
168,16,4.7,purchase,2024-07-10
168,20,2.3,purchase,2025-01-02
168,21,4.1,click,2024-08-23
168,22,4.4,view,2024-05-10
168,23,4.5,view,2024-03-04
168,24,4.8,click,2024-07-20
168,25,3.6,view,2025-02-19
168,26,4.8,purchase,2024-08-20
169,1,4.8,purchase,2024-04-14
169,2,4.4,view,2024-03-23
169,3,3.9,click,2024-05-18
169,4,4.6,view,2024-02-18
169,5,2.3,purchase,2024-04-23
169,6,2.3,click,2024-03-25
169,8,3.4,view,2024-05-23
169,9,3.9,view,2024-12-09
169,11,4.2,click,2025-03-16
169,12,4.4,purchase,2024-08-16
169,13,4.1,view,2025-03-09
169,14,3.9,purchase,2024-08-14
169,17,2.1,purchase,2025-03-11
169,19,4.5,purchase,2024-01-12
169,20,4.4,view,2024-04-15
169,21,3.3,purchase,2024-08-11
169,22,3.1,click,2024-06-24
169,23,4.2,purchase,2024-09-16
169,24,4.5,purchase,2024-11-06
169,25,4.1,view,2024-12-26
169,26,3.8,purchase,2024-03-27
169,28,3.1,view,2024-04-21
169,29,2.4,purchase,2024-05-20
169,30,2.3,view,2024-04-28
169,31,4.3,purchase,2024-01-13
170,1,3.9,view,2024-02-17
170,2,4.5,click,2024-01-26
170,3,2.3,click,2024-05-10
170,6,2.6,view,2024-03-13
170,10,4.7,view,2025-03-21
170,11,4.7,view,2024-07-28
170,12,4.2,click,2024-02-04
170,15,2.3,view,2024-11-13
170,16,1.9,view,2024-05-27
170,17,2.7,purchase,2024-03-26
170,21,4.1,view,2024-11-04
170,22,4.5,view,2025-01-30
170,23,3.9,view,2024-09-30
170,24,3.9,purchase,2024-10-10
170,26,3.1,view,2024-03-19
171,1,1.7,purchase,2024-04-11
171,2,3.0,view,2024-08-10
171,3,4.6,view,2024-08-18
171,4,4.7,view,2024-11-28
171,9,4.6,purchase,2024-05-05
171,11,2.1,view,2024-08-12
171,12,2.3,purchase,2024-08-26
171,13,4.5,view,2024-04-14
171,14,4.3,purchase,2024-01-27
171,16,2.3,view,2024-11-23
171,17,3.5,view,2024-07-10
171,18,1.9,purchase,2024-07-16
171,19,4.7,purchase,2024-02-09
171,20,4.4,view,2025-02-24
171,21,2.6,purchase,2024-01-21
171,25,4.8,purchase,2024-02-04
171,26,4.2,view,2024-06-07
171,31,4.8,view,2024-01-06
171,32,4.9,view,2025-01-16
171,33,3.0,view,2024-01-31
171,34,1.7,view,2024-11-18
171,35,2.7,view,2024-08-17
171,37,4.3,click,2024-08-23
171,38,4.2,view,2024-05-25
171,39,2.5,click,2024-10-26
172,1,3.5,view,2024-03-24
172,2,4.7,view,2025-01-07
172,3,2.6,view,2024-04-22
172,6,2.6,view,2024-12-10
172,11,4.4,view,2024-12-08
172,13,2.6,view,2024-11-11
172,14,3.0,view,2025-03-11
172,15,2.6,view,2024-10-22
172,17,2.7,view,2024-11-19
172,21,2.9,click,2024-03-20
172,23,4.5,click,2024-09-23
173,3,2.6,purchase,2024-07-21
173,4,2.8,purchase,2024-08-08
173,7,3.2,view,2024-05-04
173,8,2.8,view,2024-06-21
173,9,2.1,view,2024-10-30
173,10,4.3,view,2024-02-21
173,11,2.0,view,2024-03-17
173,13,2.7,purchase,2024-02-17
173,16,3.5,view,2024-01-27
173,17,1.6,view,2024-01-17
173,18,2.1,view,2024-12-13
173,22,4.5,view,2024-12-07
173,23,2.7,view,2024-03-25
173,24,3.4,view,2024-02-21
173,26,1.8,click,2024-02-12
173,30,3.8,click,2024-01-01
174,3,4.6,view,2024-09-17
174,4,4.2,purchase,2024-08-02
174,7,4.6,view,2025-02-10
174,8,4.9,view,2024-12-07
174,9,4.2,view,2024-08-24
174,13,4.0,view,2024-01-19
174,14,3.8,click,2025-03-24
174,16,2.0,view,2024-08-17
174,17,3.9,view,2024-05-24
174,18,4.6,view,2024-10-23
174,20,4.1,purchase,2024-08-10
174,25,4.3,click,2025-01-08
174,26,4.4,view,2024-08-30
174,27,2.9,view,2024-03-21
175,1,3.9,purchase,2024-01-23
175,2,2.3,view,2024-07-27
175,3,4.4,view,2024-08-30
175,4,4.6,purchase,2024-08-25
175,5,4.7,click,2024-10-19
175,6,4.1,view,2025-03-03
175,8,4.4,purchase,2024-05-15
175,9,4.2,view,2025-02-22
175,13,4.1,click,2024-05-10
175,14,4.3,view,2024-09-28
175,15,4.1,view,2025-02-24
175,16,4.3,purchase,2024-01-02
175,17,4.3,view,2025-02-14
175,18,4.6,click,2025-02-20
175,20,4.7,purchase,2024-01-09
175,25,4.4,view,2025-01-28
175,26,4.4,view,2024-09-11
175,27,4.9,view,2024-09-30
175,28,4.5,view,2025-02-03
175,29,3.9,view,2024-07-18
176,1,4.0,view,2024-09-24
176,3,3.2,click,2024-04-09
176,4,2.6,view,2024-01-16
176,5,4.2,purchase,2025-02-09
176,6,4.6,view,2025-02-17
176,8,2.6,purchase,2024-04-18
176,9,2.1,click,2024-11-22
176,10,2.6,click,2025-01-17
176,11,4.5,view,2025-03-03
176,12,4.5,purchase,2024-10-12
176,13,3.1,purchase,2024-06-13
176,14,2.8,view,2024-01-22
176,15,3.7,view,2024-01-02
176,16,4.4,view,2024-12-06
176,19,3.5,view,2024-07-31
176,20,3.0,view,2024-06-10
176,22,3.3,view,2024-03-09
176,23,4.7,click,2024-09-23
176,24,4.4,view,2024-10-30
176,25,2.1,purchase,2024-10-10
176,27,4.9,view,2024-03-02
176,28,4.5,view,2025-02-06
176,29,3.2,view,2024-05-05
176,30,2.4,purchase,2024-05-30
176,33,1.8,view,2024-01-29
177,3,4.1,click,2025-01-21
177,4,4.4,view,2025-02-19
177,5,4.5,click,2025-03-21
177,6,4.5,view,2024-10-09
177,8,2.9,view,2024-07-25
177,9,4.6,view,2024-06-08
177,13,4.8,purchase,2024-02-17
177,14,4.5,view,2025-01-14
177,15,3.8,view,2024-02-18
177,16,4.8,click,2024-01-03
177,17,2.0,purchase,2024-01-22
177,19,4.3,view,2024-07-26
177,20,4.4,view,2024-03-22
177,26,4.4,click,2025-02-10
177,27,4.1,view,2024-03-27
177,29,2.2,click,2024-12-24
177,30,3.3,view,2024-08-28
178,1,2.3,click,2025-03-14
178,4,4.7,purchase,2024-05-10
178,6,4.5,purchase,2024-01-01
178,9,4.9,purchase,2024-10-29
178,10,2.2,view,2024-12-19
178,13,3.9,view,2025-02-20
178,14,4.5,view,2024-12-09
178,15,4.1,view,2024-04-28
178,18,3.9,view,2025-01-09
178,20,3.8,purchase,2024-03-09
178,23,3.6,view,2024-02-27
178,26,4.4,view,2025-01-02
178,27,3.9,view,2024-07-30
178,28,3.9,view,2024-08-16
179,1,2.7,view,2024-07-30
179,7,3.9,view,2024-03-13
179,9,4.2,view,2024-08-06
179,10,3.1,purchase,2025-02-06
179,12,3.1,view,2024-10-27
179,16,2.6,view,2024-11-25
179,17,4.1,view,2024-12-18
179,18,4.7,purchase,2024-07-18
179,19,4.1,purchase,2024-04-22
179,21,2.5,view,2024-01-09
179,25,3.1,purchase,2024-07-15
179,27,2.2,click,2024-09-17
180,1,4.4,click,2024-01-02
180,3,2.1,view,2024-06-16
180,7,4.6,click,2024-08-02
180,9,4.4,view,2024-09-03
180,12,4.0,view,2025-01-10
180,14,2.4,purchase,2024-05-08
180,16,2.9,view,2024-10-27
180,17,4.0,purchase,2024-12-08
180,19,4.7,click,2024-10-16
180,20,4.4,view,2024-07-13
180,28,2.6,view,2024-05-05
180,29,4.2,view,2024-07-01
181,2,2.7,view,2025-03-07
181,3,4.4,view,2025-02-11
181,4,4.3,view,2024-02-21
181,5,3.9,click,2024-04-27
181,6,4.8,view,2024-01-01
181,12,2.5,view,2024-07-01
181,13,4.6,click,2024-12-22
181,14,4.0,view,2024-11-17
181,15,4.4,view,2024-04-08
181,16,4.0,view,2024-04-29
181,17,3.0,view,2024-04-10
181,19,4.6,view,2024-03-08
181,20,4.2,view,2024-12-04
181,23,2.6,click,2024-03-09
181,24,1.8,view,2024-07-06
181,25,4.5,view,2025-03-03
181,26,4.5,view,2024-12-18
181,27,3.8,view,2024-08-30
181,28,4.3,view,2024-07-10
181,31,3.7,view,2024-12-16
181,32,4.7,purchase,2024-02-25
181,37,3.9,view,2024-04-18
181,38,3.8,purchase,2024-02-25
182,3,3.1,view,2024-12-23
182,6,2.8,click,2024-03-16
182,7,4.5,view,2024-08-04
182,8,4.5,click,2024-02-11
182,9,3.0,view,2024-08-23
182,11,2.1,view,2025-03-09
182,12,2.4,view,2025-01-26
182,15,1.7,view,2025-01-31
182,16,2.9,view,2025-03-17
182,17,4.6,view,2024-02-12
182,18,4.2,click,2024-02-11
182,19,2.0,view,2024-09-03
182,22,3.6,view,2024-08-12
182,23,3.1,click,2024-11-27
182,24,2.5,click,2024-01-14
182,26,3.0,view,2024-06-09
182,29,4.3,view,2025-02-10
182,31,3.4,view,2025-01-20
182,33,2.4,view,2024-02-13
182,34,2.7,view,2024-11-03
182,37,2.9,click,2024-09-01
183,1,2.5,view,2024-07-06
183,4,2.4,view,2025-02-05
183,6,2.7,view,2024-10-09
183,7,4.5,purchase,2024-01-28
183,8,4.3,view,2024-07-29
183,9,4.5,click,2024-10-12
183,10,4.3,view,2025-02-06
183,11,3.9,click,2025-02-02
183,17,4.5,click,2024-04-04
183,18,3.9,view,2024-05-17
183,19,4.6,view,2025-03-19
183,20,4.3,click,2024-03-04
183,21,4.7,click,2025-01-13
183,22,3.6,view,2025-03-14
183,23,2.8,click,2024-08-30
183,26,2.6,view,2024-09-21
183,29,4.0,view,2024-09-27
184,3,3.9,view,2024-02-12
184,4,4.3,view,2025-02-24
184,10,4.3,purchase,2024-03-21
184,11,2.4,view,2025-01-22
184,12,2.4,view,2024-04-05
184,13,4.3,view,2025-01-04
184,14,4.5,view,2024-10-05
184,17,2.9,view,2024-04-08
184,20,3.6,view,2024-12-08
184,21,3.9,purchase,2024-06-06
185,1,3.9,view,2024-12-30
185,2,4.4,click,2024-08-26
185,7,4.5,view,2024-10-05
185,8,3.8,view,2024-05-03
185,10,4.4,view,2024-09-09
185,11,4.1,purchase,2024-11-25
185,12,4.2,view,2024-01-21
185,15,3.3,view,2025-01-05
185,17,3.8,view,2025-01-19
185,18,4.5,click,2024-09-11
185,19,3.0,view,2024-07-18
185,21,3.9,click,2025-03-15
185,24,4.3,click,2025-01-03
185,26,3.3,view,2024-01-06
185,27,3.4,view,2025-02-24
185,28,1.8,view,2024-10-27
185,29,3.9,purchase,2024-02-27
185,30,4.4,click,2024-09-25
185,31,3.5,view,2024-12-18
185,33,4.3,purchase,2024-11-22
185,34,4.5,view,2025-01-08
186,1,2.5,view,2024-05-10
186,4,3.5,view,2024-03-07
186,5,4.4,purchase,2025-01-17
186,6,3.8,view,2024-11-18
186,7,3.7,view,2024-05-01
186,8,4.4,purchase,2024-08-07
186,9,2.5,view,2024-09-22
186,10,2.9,view,2025-01-17
186,13,2.1,view,2024-01-22
186,15,4.8,view,2024-09-23
186,16,4.7,view,2024-07-18
186,17,4.3,click,2024-02-15
186,18,4.6,view,2024-07-16
186,19,2.1,purchase,2024-02-07
186,20,2.4,view,2024-02-21
186,21,3.6,view,2024-05-10
186,24,3.4,view,2024-01-27
187,1,3.5,purchase,2024-05-10
187,3,2.7,view,2024-07-25
187,5,4.6,click,2024-11-15
187,6,4.8,purchase,2025-01-27
187,8,2.8,purchase,2025-03-21
187,9,4.6,view,2025-03-01
187,10,2.7,click,2025-01-23
187,15,4.4,purchase,2024-02-15
187,16,4.7,view,2024-03-15
187,19,4.4,view,2024-10-23
187,20,4.3,click,2024-05-07
187,23,2.1,click,2024-02-22
187,27,4.2,click,2024-06-07
187,28,4.4,view,2024-03-30
187,29,3.4,view,2024-04-04
187,31,4.7,view,2024-05-30
187,32,4.6,purchase,2024-07-25
187,33,2.7,view,2024-07-27
187,35,2.8,view,2024-10-12
187,38,2.6,purchase,2024-11-23
187,39,3.9,purchase,2024-01-16
188,1,3.7,view,2024-05-08
188,2,3.2,view,2024-07-23
188,3,2.7,view,2024-10-27
188,4,3.1,view,2025-03-11
188,9,4.4,view,2025-03-13
188,10,3.7,view,2024-09-01
188,12,3.0,view,2024-01-04
188,13,2.9,click,2024-08-10
188,17,2.8,purchase,2024-02-02
188,19,5.0,view,2025-03-02
188,20,4.9,purchase,2024-09-14
188,21,4.1,view,2024-12-08
188,22,4.0,click,2024-06-20
188,23,3.2,view,2024-01-25
188,24,3.5,purchase,2024-09-27
188,26,1.9,view,2024-02-11
188,27,2.4,click,2024-02-07
188,28,3.3,view,2024-01-28
188,29,2.6,view,2025-03-17
188,31,4.5,view,2025-03-22
188,32,4.4,purchase,2024-11-24
188,34,4.3,view,2024-01-26
189,1,4.1,purchase,2024-02-25
189,2,4.3,view,2024-08-25
189,3,1.7,view,2024-12-13
189,5,3.9,click,2024-03-24
189,6,3.5,view,2024-04-22
189,9,3.0,view,2025-02-26
189,10,2.6,view,2024-03-08
189,11,4.3,click,2024-10-20
189,12,4.9,purchase,2024-03-03
189,15,4.0,purchase,2024-02-08
189,16,4.7,click,2024-05-31
189,17,2.4,click,2024-01-26
189,21,3.0,view,2025-03-18
189,22,2.7,view,2024-03-13
189,23,4.7,view,2024-09-18
189,24,3.8,view,2024-08-08
189,27,4.1,view,2024-05-01
189,28,4.3,view,2025-03-01
189,32,2.0,purchase,2024-09-30
190,1,4.4,purchase,2025-01-13
190,2,3.7,click,2024-10-05
190,8,4.5,purchase,2024-07-25
190,9,4.5,view,2024-08-20
190,10,4.3,view,2024-07-25
190,11,4.7,purchase,2024-04-30
190,13,3.4,click,2025-02-03
190,17,4.6,view,2024-07-05
190,18,4.6,purchase,2024-10-03
190,19,4.0,view,2024-04-02
190,21,4.1,view,2024-06-16
191,2,2.3,click,2024-11-07
191,3,4.4,click,2025-03-20
191,4,3.7,view,2024-03-05
191,5,4.7,view,2025-03-11
191,6,4.2,view,2024-11-05
191,8,2.9,view,2024-12-05
191,10,4.7,purchase,2025-01-03
191,14,4.4,view,2024-09-16
191,16,4.8,view,2024-06-01
191,20,3.3,view,2025-03-09
191,21,4.6,click,2024-10-10
191,22,4.5,view,2024-05-25
191,25,4.2,click,2024-09-16
192,1,2.5,view,2024-12-15
192,3,4.5,view,2024-07-07
192,4,3.8,view,2024-01-16
192,6,2.9,view,2025-01-21
192,9,4.9,purchase,2025-01-07
192,10,4.5,purchase,2024-10-18
192,11,1.8,view,2024-03-26
192,12,2.3,click,2024-03-31
192,13,4.6,view,2025-03-12
192,14,4.2,view,2024-04-03
192,18,3.5,purchase,2024-08-23
192,20,4.4,view,2024-03-12
192,21,4.2,click,2024-05-30
192,22,4.0,view,2024-11-20
192,25,4.8,click,2025-01-13
192,26,4.4,view,2025-02-08
192,28,2.5,view,2025-03-19
192,29,3.5,click,2024-10-20
192,31,4.8,view,2024-07-26
192,32,4.0,view,2024-12-16
192,34,4.5,view,2024-04-05
192,35,2.7,view,2025-01-04
193,1,4.4,view,2024-10-24
193,2,4.1,view,2024-02-14
193,3,4.7,view,2024-07-20
193,4,4.2,view,2024-05-30
193,9,4.3,view,2025-02-27
193,10,2.4,view,2024-04-20
193,11,4.5,view,2024-11-13
193,13,4.7,purchase,2024-08-31
193,14,4.5,click,2024-02-19
193,15,2.3,purchase,2024-08-17
193,17,3.3,view,2024-01-09
193,19,4.8,view,2025-03-09
193,20,4.0,view,2024-05-25
193,24,4.8,view,2024-01-19
193,25,4.6,view,2024-08-21
193,26,4.3,click,2024-03-03
193,27,2.9,click,2024-08-30
193,29,2.7,click,2025-01-10
193,31,4.6,purchase,2024-01-04
193,32,4.1,view,2024-04-30
193,35,4.7,click,2024-10-12
193,36,4.7,view,2024-07-24
193,37,4.0,view,2024-06-18
194,1,4.8,view,2024-11-25
194,2,4.7,view,2025-02-13
194,4,2.4,view,2024-02-05
194,5,2.2,view,2024-06-23
194,7,4.3,click,2024-04-14
194,8,4.5,purchase,2024-10-11
194,9,4.6,view,2024-05-25
194,12,4.2,click,2024-09-25
194,15,2.8,purchase,2024-10-27
194,16,2.8,purchase,2024-03-14
194,17,4.4,view,2024-08-04
194,18,4.3,purchase,2025-01-03
194,19,4.8,purchase,2024-03-17
194,21,3.0,view,2024-07-06
194,22,3.2,view,2024-07-07
194,23,4.2,view,2024-09-26
194,25,2.2,view,2024-12-28
194,26,2.7,view,2025-01-12
194,27,2.1,view,2024-03-05
194,29,4.0,view,2025-03-25
194,30,4.7,view,2024-11-16
194,31,4.2,view,2024-01-31
194,32,4.3,view,2024-02-16
194,35,4.4,purchase,2024-05-14
194,36,4.4,view,2025-01-02
195,4,3.0,purchase,2024-04-22
195,5,4.0,purchase,2024-05-28
195,6,4.1,view,2024-10-19
195,7,2.4,view,2024-10-22
195,8,3.2,purchase,2024-11-08
195,10,3.0,view,2024-04-02
195,12,3.4,click,2025-02-26
195,13,3.2,click,2024-08-12
195,14,1.6,click,2024-03-30
195,15,4.3,view,2024-01-29
195,16,4.2,click,2024-08-27
195,19,3.1,purchase,2025-01-03
195,20,2.0,purchase,2024-12-28
195,22,3.4,view,2024-03-11
195,23,2.7,click,2024-09-22
195,27,4.1,view,2024-01-15
195,28,4.6,view,2024-03-09
195,29,3.1,purchase,2025-01-08
195,31,3.1,view,2024-10-07
195,33,2.2,view,2024-01-23
195,34,2.3,click,2024-09-07
195,35,2.8,purchase,2024-09-22
195,36,2.6,click,2024-08-12
195,37,2.4,view,2024-12-20
195,39,4.6,view,2024-12-07
196,1,4.3,purchase,2024-02-12
196,2,4.1,click,2024-09-12
196,3,3.9,view,2024-03-15
196,4,4.3,view,2025-01-09
196,5,4.0,view,2024-03-21
196,6,3.9,purchase,2024-07-28
196,7,2.6,view,2024-01-28
196,8,2.0,view,2024-02-29
196,9,2.0,purchase,2024-02-23
196,11,3.9,view,2024-01-22
196,12,3.9,view,2024-08-16
196,13,4.0,view,2024-12-04
196,14,4.6,click,2025-01-24
196,15,4.3,view,2024-04-11
196,16,4.8,view,2024-01-19
196,23,4.2,view,2024-08-08
196,24,4.3,view,2024-10-01
196,25,3.6,view,2024-08-21
196,26,4.5,view,2025-02-01
196,27,4.4,view,2025-01-26
196,28,4.6,view,2024-02-21
196,29,2.0,view,2025-02-08
196,30,2.7,purchase,2024-11-16
196,31,2.7,view,2025-03-16
197,1,2.2,view,2024-10-08
197,3,4.2,view,2024-07-17
197,6,4.2,view,2024-04-18
197,8,4.7,view,2024-02-08
197,10,3.4,view,2024-01-14
197,12,2.1,purchase,2024-01-28
197,13,4.3,view,2024-11-10
197,14,4.0,view,2024-10-12
198,1,3.5,view,2024-09-02
198,3,3.2,view,2025-03-04
198,5,4.6,purchase,2024-08-10
198,6,3.6,view,2024-10-11
198,8,1.9,view,2025-02-12
198,9,4.6,view,2024-01-20
198,10,4.1,purchase,2024-10-10
198,11,2.3,purchase,2024-07-23
198,15,4.1,view,2024-09-07
198,16,4.0,click,2024-01-22
198,18,2.7,click,2024-02-19
198,19,4.6,view,2024-08-17
198,20,3.9,click,2024-01-16
198,21,4.7,view,2024-06-24
198,22,4.5,purchase,2024-02-13
198,23,2.2,view,2024-07-28
198,25,2.6,view,2024-01-28
198,26,2.6,view,2024-06-19
198,27,3.8,view,2025-02-20
198,28,4.7,view,2024-09-28
198,31,4.8,purchase,2024-06-02
198,32,4.0,purchase,2024-03-30
198,33,3.9,view,2024-01-13
199,1,2.5,view,2024-02-10
199,34,2.4,view,2024-09-25
199,33,2.3,view,2024-12-24
199,4,3.3,view,2024-01-17
199,37,1.9,view,2024-07-25
199,38,2.5,view,2024-06-08
199,39,3.6,click,2024-01-13
199,40,3.0,view,2024-01-26
200,1,4.4,view,2024-09-05
200,2,4.3,view,2024-05-07
200,3,2.3,view,2025-01-25
200,7,2.4,view,2024-04-17
200,8,3.0,click,2024-12-08
200,9,4.4,view,2024-10-25
200,11,4.4,view,2024-11-08
200,12,4.3,view,2024-02-04
200,13,3.0,view,2024-03-25
200,14,3.3,view,2024-01-14
200,16,2.2,view,2024-09-20
200,17,2.6,click,2025-03-08
200,18,2.2,view,2024-07-29
200,19,3.8,view,2024-12-04
200,20,4.5,view,2024-11-18
200,24,4.6,view,2024-02-18
200,26,3.2,click,2025-02-13
200,27,2.0,view,2024-12-16
200,30,2.9,click,2024-10-19
200,31,4.4,click,2025-02-03
200,32,4.4,view,2024-02-27
200,35,3.9,purchase,2024-01-12
